toxic,FormalCharge,TPSA,MolWt,HeavyAtoms,NHOH,HAcceptors,HDonors,Heteroatoms,AromaticRings,SaturatedRings,AromaticOH,AromaticN,LogP,kfold
0,1,46.53,332.464,24,1,3,1,4,1,2,1,0,2.8541,0
0,1,60.14,255.363,17,2,2,3,5,0,0,0,0,0.0079,0
0,-2,168.58,408.417,27,3,10,2,12,1,1,0,1,-2.7176,0
0,0,46.17,183.251,13,1,2,1,3,0,1,0,0,1.1278,0
0,0,772.17,1448.686,78,16,51,16,67,0,2,0,0,-19.3965,0
0,1,7.68,299.463,21,1,2,1,3,2,0,0,0,3.0699,0
0,0,67.77,157.213,11,3,2,1,3,0,1,0,0,-1.2154,0
0,-1,40.13,135.142,10,0,2,0,2,1,0,0,0,-0.021,0
0,1,118.48,473.561,35,3,9,1,10,4,1,0,6,0.43062,0
0,-2,147.02,470.43,32,2,8,2,10,0,3,2,0,0.7487,0
0,0,53.8,337.419,25,1,3,1,4,2,0,0,0,0.8377,0
0,3,27.69,510.828,36,0,3,0,6,1,0,0,0,5.4525,0
0,1,78.66,408.326,28,3,4,1,12,2,0,0,3,1.2997,0
0,1,90.05,557.777,39,2,5,2,8,3,0,0,0,5.6319,0
0,-1,49.36,325.428,24,0,3,0,3,1,0,0,0,3.83236,0
0,1,88.33,170.188,12,6,3,4,4,1,0,1,0,-0.6269,0
0,1,56.32,112.156,8,4,1,2,3,1,0,0,2,-0.8059,0
0,0,86.19,212.23,14,2,4,1,6,2,0,0,1,0.6163,0
0,0,189.53,342.297,23,8,11,8,11,0,2,8,0,-5.3956,0
0,0,83.83,382.541,27,2,5,2,5,0,1,2,0,3.9536,0
0,1,30.74,248.346,18,1,2,1,3,1,1,0,0,0.796,0
0,0,108.0,392.406,28,4,6,2,9,2,2,0,1,-0.2793,0
1,0,44.81,448.394,30,1,4,1,7,2,1,0,0,4.8593,0
0,2,335.46,1021.277,71,17,12,13,22,4,1,3,1,-2.239,0
0,0,57.34,597.96,19,1,2,1,7,1,0,0,0,0.4849,0
0,1,30.74,310.502,22,1,2,1,3,0,2,0,0,2.9851,0
0,1,17.33,320.254,19,1,1,1,3,2,0,0,1,2.5106,0
0,1,13.67,256.369,19,1,1,1,2,2,0,0,0,1.9371,0
0,0,118.36,389.886,24,4,5,3,10,1,1,0,0,1.2295,0
0,1,4.44,264.801,17,1,1,1,3,2,0,0,0,2.5427,0
0,0,40.46,516.857,35,2,4,2,4,2,0,0,0,9.9083,0
0,-1,77.34,269.346,18,1,3,1,6,1,0,0,0,2.56712,0
0,1,58.56,288.371,21,3,2,3,5,2,1,0,1,0.5058,0
0,-1,141.03,461.531,33,2,8,2,8,0,3,2,0,0.8626,0
0,2,82.3,148.254,10,8,2,4,4,0,0,0,0,-3.66,0
0,-2,98.72,318.325,23,0,6,0,6,1,0,0,0,0.76652,0
0,1,58.46,319.347,22,3,3,1,7,1,0,0,0,2.4847,0
0,-2,191.31,462.842,32,5,8,4,11,1,0,2,0,-4.1796,0
0,3,339.49,584.604,40,19,12,14,19,0,3,7,0,-12.4073,0
0,1,27.64,78.16,4,3,1,2,2,0,0,0,0,-0.8419,0
0,1,57.61,336.481,23,2,2,2,6,2,1,0,1,0.7805,0
0,0,100.9,496.575,36,2,6,2,7,1,3,2,0,3.7604,0
0,1,75.53,406.449,29,4,4,3,7,2,0,2,0,1.3374,0
0,1,7.68,285.436,20,1,2,1,3,2,0,0,0,2.8239,0
0,1,33.98,363.481,27,1,2,1,4,2,3,0,0,2.4478,0
0,1,64.53,326.457,23,3,4,2,5,1,0,1,0,1.3397,0
1,0,186.07,365.214,24,6,10,5,14,2,1,2,4,-1.7239,0
0,-1,49.36,411.521,31,0,3,0,3,3,4,0,0,5.3467,0
0,-1,80.59,391.572,28,2,4,2,4,0,4,2,0,3.1432,0
1,0,158.47,719.924,52,4,8,4,12,2,2,0,0,2.5835,0
0,0,620.32,1755.658,121,24,28,20,41,5,2,6,0,-2.9851,0
0,-1,143.75,480.538,33,2,8,2,11,2,0,2,2,1.067,0
0,2,136.27,780.963,57,4,9,4,12,3,2,1,1,1.9194,0
0,1,71.01,216.301,15,3,3,1,4,0,0,0,0,0.7011,0
0,0,130.05,253.262,18,5,7,4,8,2,0,2,4,-1.3073,0
0,-2,191.73,363.198,24,4,12,3,14,2,1,2,4,-2.9879,0
0,-1,40.13,299.434,22,0,2,0,2,0,0,0,0,4.2679,0
0,1,539.52,1450.279,101,22,24,18,35,5,2,6,0,-2.9715,0
0,1,12.05,382.531,29,0,2,0,3,4,0,0,2,5.30824,0
0,0,81.78,311.407,21,2,3,2,7,1,1,0,0,1.14092,0
0,-2,175.38,1285.906,44,2,10,2,18,2,0,0,0,3.465,0
0,-2,191.31,442.424,32,5,8,4,10,1,0,2,0,-4.6589,0
1,0,32.34,234.343,17,1,2,1,3,1,0,0,0,2.58374,0
0,0,339.09,1550.188,62,13,15,13,27,2,0,9,0,-1.5869,0
0,0,43.35,228.247,17,0,3,0,3,3,0,0,0,3.46446,0
0,0,20.23,286.459,21,1,1,1,1,0,0,1,0,5.5103,0
0,0,38.33,315.678,21,1,2,1,7,1,1,0,0,4.0731,0
0,1,80.32,407.49,30,4,4,3,6,4,0,1,1,2.7118,0
1,0,63.24,415.117,20,1,4,1,9,2,0,0,0,3.9361,0
0,1,69.56,340.447,25,4,2,4,5,2,0,1,1,0.5076,0
0,1,49.47,282.367,21,3,3,3,4,2,0,0,0,0.92102,0
0,1,4.44,160.24,12,1,0,1,1,1,0,0,0,0.3345,0
0,1,29.24,266.368,20,2,2,2,3,2,0,0,0,0.7755,0
0,0,204.66,958.24,68,3,14,3,15,0,3,3,0,6.1972,0
0,-1,126.75,489.618,34,2,5,2,10,1,1,0,0,3.8581,0
0,-2,191.31,442.424,32,5,8,4,10,1,0,2,0,-4.7921,0
0,0,97.42,366.428,28,2,6,2,6,3,0,0,2,4.9891,0
0,-3,222.0,524.503,37,2,12,2,14,1,0,0,0,-10.1823,0
0,2,0.0,258.494,18,0,0,0,2,0,0,0,0,3.5196,0
0,0,81.93,369.469,27,1,6,1,7,2,1,0,4,3.4647,0
0,2,122.34,282.347,21,9,2,4,5,1,0,0,0,-3.1586,0
0,1,51.36,313.425,23,2,3,2,5,2,2,0,2,0.9013,0
0,1,201.18,791.009,55,5,14,5,15,0,3,4,0,1.3294,0
0,0,77.1,359.451,25,1,5,1,7,3,0,0,3,2.98942,0
0,0,92.5,259.265,19,3,4,2,6,1,1,0,0,0.0298,0
0,0,80.92,302.37,22,4,4,4,4,2,0,0,0,3.5664,0
0,1,7.68,391.966,28,1,1,1,3,3,1,0,0,4.13852,0
0,1,37.22,592.792,41,1,5,1,9,2,1,0,0,6.5826,0
0,0,112.19,333.361,23,2,7,2,10,0,0,0,0,0.3464,0
0,0,99.13,502.579,36,1,7,1,8,0,5,1,0,3.5238,0
0,0,117.18,349.774,24,4,4,2,8,1,1,0,0,-1.3407,0
0,0,26.3,212.248,16,0,2,0,2,2,0,0,0,3.0436,0
0,0,92.55,317.223,22,1,4,1,10,1,1,0,0,2.4484,0
0,0,60.16,273.357,19,2,2,1,4,2,0,0,0,2.01,0
0,2,631.65,1416.584,96,26,30,20,41,4,2,8,6,-8.72978,0
0,1,7.68,281.423,21,1,1,1,2,2,0,0,0,2.4579,0
0,-3,714.96,1617.669,115,22,27,18,43,3,1,1,1,-11.6774,0
0,0,57.53,336.447,24,2,3,2,4,0,3,2,0,3.3322,0
0,0,104.55,242.231,17,3,6,3,7,1,1,2,2,-1.51428,0
0,-2,81.65,987.6674984,33,0,5,0,13,3,0,0,0,7.4338,0
0,-2,138.46,402.475,25,2,8,2,11,2,0,0,0,1.0164,0
0,-1,220.03,584.65,42,7,9,5,13,1,0,1,0,-4.9575,0
0,1,118.98,635.734,46,2,9,2,11,3,2,0,1,3.1536,0
0,3,533.0,1307.572,92,25,14,17,33,2,4,2,0,-12.8327,0
0,1,56.74,193.27,14,4,1,2,3,1,0,0,0,0.87234,0
0,1,27.99,200.306,14,1,1,1,4,0,1,0,0,-0.7215,0
0,1,46.53,352.454,26,1,3,1,4,2,3,1,0,2.7045,0
0,0,17.07,81.389,2,0,1,0,2,0,0,0,0,-0.1213,0
0,0,93.06,452.494,32,2,6,2,8,0,4,2,0,2.3668,0
0,1,89.16,267.349,19,5,3,3,5,1,0,1,0,-0.5741,0
0,0,58.92,146.142,10,2,4,2,4,0,2,2,0,-1.4942,0
0,0,0.0,143.094,3,0,2,0,3,0,0,0,0,0.9156,0
0,-1,183.89,496.492,36,5,9,3,10,2,1,2,0,-0.9605,0
0,1,497.41,1432.072,102,21,15,17,32,5,1,1,1,-2.3258,0
0,1,4.44,188.294,14,1,0,1,1,1,0,0,0,0.7655,0
0,-1,98.33,612.907,20,2,4,2,9,1,0,0,0,1.1819,0
0,1,77.3,240.323,17,5,3,4,4,1,0,2,0,0.2798,0
0,1,30.74,322.837,21,1,3,1,5,2,0,0,0,2.2568,0
0,0,121.38,182.172,12,6,6,6,6,0,0,6,0,-3.5854,0
0,-1,100.06,775.864,24,3,4,1,9,2,0,0,0,1.8738,0
0,1,46.53,277.388,20,2,2,2,4,1,1,0,1,0.54572,0
0,0,43.37,328.452,24,0,3,0,3,0,1,0,0,4.5582,0
0,0,26.3,416.343,22,0,2,0,3,1,0,0,0,6.0786,0
0,0,38.33,259.349,19,1,2,1,3,1,0,0,0,2.5676,0
0,-1,66.2,62.004,4,0,3,0,4,0,0,0,0,-0.2391,0
0,0,99.13,466.958,32,1,7,1,8,0,3,1,0,3.9165,0
0,0,118.36,297.745,17,4,5,3,10,1,0,0,0,-0.3513,0
0,-1,87.14,227.207,17,0,6,0,7,3,0,0,6,-0.18788,0
1,0,68.74,446.91,31,1,7,1,9,3,1,0,2,4.2756,0
0,0,29.46,314.469,23,1,2,1,2,1,0,0,0,5.7358,0
0,0,20.23,242.447,17,1,1,1,1,0,0,1,0,5.46,0
0,0,61.69,286.718,20,2,3,2,5,2,0,1,0,2.4479,0
0,0,69.06,531.44,36,0,7,0,10,3,2,0,2,4.2058,0
0,1,13.67,406.977,29,1,1,1,3,3,0,0,0,4.7979,0
0,0,122.22,321.337,23,2,9,1,9,2,0,0,4,0.541,0
0,1,106.09,422.461,31,3,7,3,8,3,0,1,2,0.4297,0
0,1,86.53,416.582,30,5,4,4,5,2,0,2,0,3.0812,0
0,0,39.41,429.134,26,0,4,0,8,3,0,0,2,6.1178,0
0,1,58.7,354.474,26,3,3,3,5,2,0,1,1,0.518,0
0,-1,120.65,543.687,37,0,7,0,10,2,0,0,0,3.7622,0
0,-1,94.41,323.394,22,1,4,1,7,1,1,0,0,2.9939,0
0,0,46.61,143.142,10,0,3,0,4,0,1,0,0,0.3736,0
0,-1,73.6,356.427,25,0,6,0,7,2,1,0,1,3.275,0
0,1,87.48,494.623,37,3,6,3,8,4,1,0,3,3.17322,0
0,1,7.68,434.047,31,1,1,1,3,3,1,0,0,5.1276,0
0,0,112.05,506.709,35,3,7,3,8,1,2,2,1,4.05052,0
0,1,85.59,427.5,31,2,6,2,8,3,1,1,3,1.66422,0
1,0,92.5,259.265,19,3,4,2,6,1,1,0,0,0.0298,0
0,0,93.81,538.584,37,1,7,1,10,1,3,1,0,4.9268,0
0,0,91.21,401.438,29,2,6,1,8,2,3,0,1,0.0096,0
0,-1,512.97,1269.283,89,16,24,15,33,4,3,8,1,-4.2446,0
0,0,199.89,807.114,33,8,9,8,15,1,0,6,0,-2.016,0
0,0,91.06,191.139,13,1,6,1,7,0,2,1,0,-1.2782,0
0,-2,213.75,454.332,31,4,12,4,14,1,0,3,4,-2.87056,0
0,-1,73.25,585.189,41,1,5,1,6,4,1,1,1,7.6133,0
0,1,4.44,240.37,18,1,0,1,1,2,0,0,0,2.3325,0
0,0,93.06,416.514,30,2,6,2,6,0,4,2,0,2.3267,0
0,0,77.82,248.717,17,4,4,2,5,2,0,0,2,2.5238,0
0,-2,332.2,610.624,40,10,14,6,20,0,0,0,0,-10.6492,0
0,1,52.32,147.198,10,2,2,1,4,0,0,0,0,-0.2121,0
0,1,27.64,136.218,10,3,0,1,1,1,0,0,0,0.8595,0
0,0,27.05,437.779,27,0,4,0,7,4,0,0,2,7.0161,0
0,-1,361.03,1084.148,76,10,24,10,24,2,5,9,0,-0.88128,0
0,1,105.59,208.234,14,6,5,6,6,0,1,5,0,-4.6792,0
0,1,55.3,308.442,22,3,3,2,4,1,1,1,0,1.3672,0
0,0,17.82,344.845,25,0,2,0,3,4,0,0,2,5.3767,0
0,-1,53.27,279.315,21,0,3,0,3,3,0,0,0,3.4085,0
0,0,78.29,293.374,22,0,5,0,5,2,0,0,3,2.92876,0
0,1,430.78,1210.429,87,18,13,16,28,4,2,1,3,-3.0481,0
0,-2,63.19,112.131,5,0,4,0,5,0,0,0,0,-1.0065,0
0,-1,40.13,281.46,20,0,2,0,2,0,0,0,0,4.7738,0
0,0,75.27,226.276,16,2,3,2,5,0,1,0,0,1.185,0
0,1,123.69,407.553,27,6,7,6,9,0,2,4,0,-2.2741,0
0,-1,113.8,349.407,25,2,5,2,7,1,0,0,0,-1.7434,0
0,0,100.9,494.575,35,2,6,2,8,0,3,2,0,3.4407,0
0,-1,93.48,420.46,31,2,5,2,6,3,1,2,1,3.1834,0
0,1,33.9,264.389,19,2,2,2,3,1,1,1,0,1.2175,0
0,1,46.98,372.88,26,1,5,1,7,3,1,0,3,0.9446,0
0,4,90.22,506.828,36,10,4,8,8,1,2,0,0,-4.4708,0
0,0,40.46,268.356,20,2,2,2,2,2,0,0,0,4.8286,0
1,0,109.57,273.248,20,3,5,2,7,1,1,0,0,-0.33,0
0,0,29.46,364.529,27,1,2,1,2,1,3,1,0,5.2284,0
0,1,77.3,240.323,17,5,3,4,4,1,0,2,0,0.2798,0
0,1,38.03,231.106,14,3,2,3,5,1,0,0,0,0.4451,0
0,0,46.15,338.444,24,0,5,0,5,1,0,0,0,3.7177,0
0,1,17.33,279.407,21,1,1,1,2,2,1,0,1,2.50042,0
0,0,150.7,519.687,37,5,5,4,10,0,3,0,0,1.7112,0
0,1,49.59,356.877,25,3,3,3,5,3,0,0,1,3.7621,0
0,0,119.05,225.208,16,4,7,3,8,2,0,1,4,-1.3318,0
0,0,52.32,167.208,12,2,2,1,3,0,1,0,0,1.4178,0
0,0,60.77,409.432,30,2,3,2,6,3,1,1,0,4.8883,0
0,-1,112.6,424.882,28,1,6,1,9,2,0,0,0,2.3898,0
0,0,121.4,603.75,42,1,12,1,12,1,0,0,0,2.8346,0
0,1,71.2,474.602,34,3,5,3,6,4,1,0,0,4.6581,0
1,0,76.5,469.548,36,0,6,0,6,6,0,0,4,5.89378,0
0,0,35.53,391.294,26,0,3,0,5,2,1,0,0,6.1133,0
0,0,58.53,230.676,14,1,3,1,6,1,0,0,0,1.8726,0
0,1,37.14,375.92,26,2,3,2,5,2,1,1,0,1.6388,0
0,1,85.36,290.424,20,5,4,5,5,0,1,4,0,-0.9209,0
0,-1,69.23,162.19,10,1,4,2,5,0,0,0,0,-1.8292,0
0,-1,176.39,717.799,53,2,10,2,12,2,0,0,4,5.27222,0
0,0,67.87,369.368,25,1,4,1,9,3,0,0,3,3.51522,0
0,1,75.47,428.553,31,3,5,3,7,2,1,1,0,0.89094,0
0,0,27.05,381.69,24,0,3,0,6,3,0,0,2,5.8014,0
0,1,10.92,400.637,27,1,4,1,5,2,1,0,0,3.6217,0
0,1,44.9,264.389,19,3,2,3,3,1,1,1,0,1.3155,0
0,0,118.36,380.662,20,4,5,3,12,1,0,0,0,0.821,0
0,-1,128.73,422.464,28,1,9,1,11,1,1,0,1,-0.8593,0
0,0,40.46,296.41,22,2,2,2,2,1,2,1,0,3.6126,0
0,1,112.21,480.541,35,2,7,2,9,2,0,0,0,2.2607,0
0,-1,60.36,331.476,24,1,3,1,3,0,4,1,0,3.2033,0
1,0,66.93,410.808,28,1,5,1,10,2,1,0,1,3.4062,0
0,1,87.25,466.961,32,4,5,3,9,2,1,0,0,1.941,0
0,1,27.64,180.315,13,3,0,1,1,0,4,0,0,1.9773,0
0,0,75.99,332.311,25,2,5,2,5,3,0,0,0,3.6658,0
1,0,72.63,296.326,22,2,3,1,5,2,0,0,0,3.0637,0
0,-2,146.21,396.384,28,1,8,1,10,3,0,0,1,2.9602,0
0,0,72.83,454.966,31,1,5,1,7,0,4,1,0,3.8893,0
0,-2,220.88,721.634,51,3,13,3,17,2,1,2,0,1.1982,0
0,-1,86.3,180.205,11,1,4,1,6,0,0,0,0,-0.9422,0
0,-2,211.96,518.464,36,2,14,2,16,2,1,0,4,-3.7971,0
0,-1,151.09,426.452,28,3,9,2,12,1,1,0,0,-1.2361,0
0,0,18.46,178.38,10,0,2,0,4,0,0,0,0,2.1861,0
0,-1,159.26,516.556,36,2,8,2,13,1,3,0,0,-1.575,0
0,0,103.35,416.518,30,2,5,1,7,1,2,0,0,0.0223,0
0,-4,164.43,268.058,16,1,9,1,11,1,0,1,2,-3.6434,0
0,0,80.67,484.967,33,1,5,1,8,0,3,1,0,4.0511,0
0,1,119.41,582.681,43,4,5,4,10,3,3,1,1,0.5737,0
0,0,0.0,197.381,7,0,0,0,5,0,0,0,0,2.5085,0
0,-2,161.18,208.122,14,4,8,4,8,0,0,4,0,-6.0702,0
0,0,68.1,242.238,18,1,6,1,6,1,0,0,1,-0.3753,0
0,0,26.3,524.874,38,0,2,0,2,0,0,0,0,11.5425,0
0,1,103.46,425.999,27,5,6,5,9,0,2,3,0,-1.0276,0
0,0,35.53,472.754,34,0,3,0,3,1,0,0,0,9.05996,0
1,0,85.99,392.438,29,4,6,3,8,2,1,0,0,0.5534,0
0,-1,70.36,355.439,25,0,5,0,6,2,1,0,1,3.9437,0
0,1,24.67,316.49,22,2,2,2,3,2,0,0,0,2.8486,0
0,0,58.92,198.218,14,2,4,2,4,1,0,2,0,0.4272,0
0,-1,77.51,284.357,19,0,4,0,6,1,0,0,0,0.8608,0
0,-1,113.8,386.222,23,2,5,2,8,1,0,0,0,-2.30244,0
0,0,106.5,309.347,21,2,6,1,8,2,0,0,1,1.61544,0
0,1,75.91,265.362,18,3,5,2,6,2,0,1,3,0.60774,0
0,2,98.4,274.409,19,6,4,4,6,0,0,0,0,-0.3834,0
0,0,67.77,129.159,9,3,2,1,3,0,0,0,0,-1.687,0
0,2,144.9,1029.278,74,0,14,0,16,4,0,0,0,9.029,0
0,0,38.91,166.249,11,2,2,1,3,1,0,0,1,1.2782,0
0,1,70.84,386.52,28,1,5,1,7,1,3,0,2,0.6711,0
0,1,72.37,310.414,22,3,4,2,5,1,0,1,0,1.24866,0
0,0,20.23,144.601,9,1,1,1,2,0,0,1,0,1.5132,0
0,1,86.53,310.414,22,5,4,4,5,1,0,3,0,-0.3914,0
1,0,83.38,167.197,11,4,4,3,6,2,0,0,4,0.59769,0
0,0,46.53,152.149,11,1,3,1,3,1,0,0,0,1.1788,0
0,0,89.79,415.574,30,4,4,4,5,1,1,3,0,3.1469,0
0,2,55.38,652.832,48,0,6,0,8,4,0,0,0,7.4516,0
1,0,41.49,259.349,19,2,3,2,3,2,0,1,0,2.5775,0
0,0,80.67,495.031,34,1,5,1,7,0,3,1,0,4.5951,0
0,2,33.68,328.847,23,3,2,3,5,2,1,0,0,0.3862,0
0,-2,101.96,518.374,33,0,6,0,10,1,2,0,0,4.035,0
0,-2,80.26,186.207,13,0,4,0,4,0,0,0,0,-0.7831,0
0,0,97.23,650.976,23,4,4,2,8,2,0,0,0,1.9012,0
0,0,20.23,206.329,15,1,1,1,1,1,0,0,0,4.106,0
0,0,66.69,388.895,27,1,4,1,6,2,1,0,1,1.4184,0
0,0,103.3,582.816,40,1,10,1,10,0,0,1,0,4.049,0
0,-1,213.35,542.517,39,6,11,4,12,2,1,3,0,-1.9795,0
0,0,52.9,300.745,21,1,3,1,5,2,0,1,0,2.4722,0
0,0,53.43,284.359,21,1,3,1,4,2,0,1,1,2.2062,0
0,0,103.35,438.524,32,2,5,1,7,2,0,0,0,0.2062,0
0,0,63.4,252.273,19,2,2,1,4,2,0,0,0,2.6422,0
1,0,204.66,958.24,68,3,14,3,15,0,3,3,0,6.1972,0
0,0,0.0,290.832,12,0,0,0,6,0,1,0,0,3.6444,0
0,2,60.2,530.794,38,2,4,2,6,0,6,1,0,2.9904,0
0,1,27.64,184.69,12,3,0,1,2,1,0,0,0,1.903,0
1,0,110.6,299.661,19,4,7,3,10,1,1,2,2,-0.8668,0
0,0,20.23,396.659,29,1,1,1,1,0,3,1,0,7.641,0
0,1,37.46,325.407,24,1,2,1,4,2,0,0,0,2.39588,0
0,0,119.03,437.529,31,3,8,2,10,4,0,0,4,3.13904,0
0,2,467.16,1086.269,75,22,14,15,29,2,2,0,0,-8.0407,0
0,0,40.62,356.058,16,0,2,0,6,0,1,0,0,1.2272,0
0,1,64.05,246.121,15,5,3,4,6,1,0,0,0,0.0273,0
0,0,106.35,581.069,40,2,8,2,11,5,0,0,2,6.1391,0
0,0,52.6,242.23,18,0,4,0,4,2,0,0,0,2.6154,0
0,0,72.83,418.574,30,1,5,1,5,0,1,1,0,4.5856,0
0,0,63.4,170.212,12,2,2,1,4,0,1,0,0,-0.1273,0
0,-2,145.44,300.226,22,2,8,2,8,2,0,0,0,0.2402,0
0,-1,110.05,175.116,12,3,6,3,6,0,0,3,0,-2.6051,0
0,0,44.89,238.29,18,2,1,2,3,2,0,0,1,3.12424,0
1,0,124.44,384.245,28,4,6,4,9,2,0,0,2,0.3606,0
0,1,33.54,261.389,19,2,1,2,3,1,0,0,0,1.4286,0
0,0,90.71,256.096,16,4,5,2,7,2,0,0,3,2.0098,0
0,1,87.8,187.244,12,5,2,2,5,1,0,0,0,-0.9241,0
0,1,7.68,295.45,22,1,1,1,2,2,0,0,0,2.7039,0
0,-1,160.47,557.587,41,1,11,1,12,5,0,1,6,3.79912,0
0,0,66.56,236.296,16,3,3,2,5,2,0,0,0,2.7322,1
0,0,169.47,420.513,27,6,7,4,12,0,2,1,0,-3.964,1
0,2,81.82,610.751,45,3,6,3,8,4,0,0,0,5.2839,1
0,1,69.51,405.515,29,1,5,1,7,1,1,0,0,1.0059,1
0,1,56.76,353.486,26,3,3,2,4,2,1,0,0,1.9911,1
1,0,74.73,429.904,30,1,7,1,8,3,0,0,2,3.8269,1
0,1,184.11,748.972,52,5,13,5,14,0,3,4,0,1.0226,1
0,0,75.27,212.249,15,2,3,2,5,0,1,0,0,0.7949,1
0,0,90.15,182.147,12,4,5,4,6,0,1,4,0,-2.2442,1
0,1,45.06,444.646,30,1,4,1,7,2,1,0,0,2.0536,1
0,0,61.82,194.194,14,0,6,0,6,2,0,0,4,-1.0293,1
0,1,21.51,310.461,23,1,1,1,2,2,0,0,0,2.8749,1
1,0,185.84,563.987,39,6,11,5,12,2,1,2,0,1.4507,1
0,1,71.2,328.388,24,3,4,3,5,1,2,1,0,-0.1157,1
0,0,71.77,187.202,14,3,3,2,4,2,0,0,2,1.0191,1
0,1,50.97,286.351,21,2,3,2,4,1,2,0,0,0.2132,1
0,0,67.77,121.161,7,3,3,2,4,0,0,0,0,-2.7234,1
0,-1,66.43,293.449,19,0,4,0,5,0,0,0,0,4.1643,1
0,0,83.38,167.197,11,4,4,3,6,2,0,0,4,0.59769,1
0,-1,52.16,295.145,19,1,3,1,5,2,0,0,0,3.0294,1
0,0,34.14,314.469,23,0,2,0,2,0,3,0,0,4.7235,1
0,0,148.77,297.271,21,5,10,4,10,2,1,3,4,-1.9714,1
0,1,13.67,272.412,20,1,1,1,2,1,2,0,0,1.9663,1
0,2,43.05,315.804,22,3,2,2,5,2,1,0,0,0.4836,1
0,-1,115.57,400.436,28,1,7,1,9,2,2,0,1,0.56062,1
0,0,46.17,217.268,16,1,2,1,3,1,1,0,0,1.771,1
0,1,55.3,308.442,22,3,3,2,4,1,1,1,0,1.3672,1
0,1,90.19,241.311,17,5,4,4,5,1,0,2,1,-0.3252,1
0,-4,126.38,314.579,17,0,7,0,10,1,0,0,0,-0.4569,1
0,0,122.91,359.354,25,3,8,3,10,1,1,2,2,0.7602,1
0,-1,100.29,266.302,18,2,5,1,7,2,0,0,1,2.26774,1
0,1,107.71,489.025,33,4,8,4,11,3,1,1,3,1.89644,1
0,1,13.67,406.977,29,1,1,1,3,3,0,0,0,5.1455,1
1,0,58.2,528.537,37,2,2,2,10,1,3,0,0,6.5761,1
0,0,103.35,430.545,31,2,5,1,7,1,2,0,0,0.4124,1
0,0,55.76,362.093,12,1,4,1,5,1,0,0,0,0.213,1
0,0,34.14,222.243,17,0,2,0,2,2,0,0,0,2.8494,1
0,1,50.97,412.594,30,2,3,2,4,2,0,1,0,3.964,1
1,0,65.77,532.57,39,1,6,1,10,4,1,0,3,4.45602,1
0,1,7.68,313.49,22,1,2,1,3,2,0,0,0,3.6025,1
0,1,65.15,455.619,33,1,5,1,6,2,0,0,0,3.67598,1
0,1,473.87,1323.504,96,20,14,17,30,6,2,1,3,-3.2329,1
0,0,34.14,172.183,13,0,2,0,2,1,0,0,0,2.0119,1
0,0,136.29,241.251,17,7,7,6,8,1,0,2,2,-1.7002,1
0,1,43.23,250.325,19,3,2,2,3,2,0,0,0,0.5474,1
0,0,29.46,289.545,17,1,2,1,5,2,0,0,0,5.1447,1
0,1,49.67,413.954,28,2,4,2,7,3,1,0,1,2.3919,1
0,0,118.05,314.257,23,1,6,1,9,2,1,0,0,1.7405,1
0,1,60.95,392.475,29,1,4,1,5,3,1,0,0,2.99402,1
0,0,42.43,382.891,27,0,3,0,5,2,1,0,1,4.8878,1
0,1,35.53,368.497,27,0,3,0,4,2,0,0,0,4.7308,1
0,1,24.67,290.814,20,2,1,2,3,2,0,1,0,2.1105,1
0,1,57.07,168.216,12,4,2,3,3,1,0,1,0,-0.3812,1
0,1,68.79,300.81,20,4,3,3,6,1,0,0,0,0.5853,1
0,0,115.06,394.439,28,4,6,4,7,0,3,4,0,0.6205,1
0,1,65.99,309.43,22,3,4,2,5,1,0,0,0,1.5292,1
0,0,103.35,466.625,31,2,7,1,9,1,2,0,0,0.0299,1
0,1,112.42,747.003,53,1,10,1,11,0,4,0,0,4.4604,1
0,-2,72.42,227.367,10,0,4,0,8,0,0,0,0,0.2019,1
0,-1,66.43,317.748,22,0,4,0,5,2,0,0,0,2.4783,1
0,1,33.98,387.569,27,1,3,1,5,2,1,0,0,2.7977,1
0,0,81.98,331.347,24,2,5,1,7,2,2,0,1,-0.7776,1
0,0,94.87,320.324,23,2,6,1,8,2,1,0,2,-1.6976,1
0,0,93.81,521.437,35,1,6,1,8,1,3,1,0,4.8692,1
0,0,52.58,216.192,16,0,4,0,4,3,0,0,0,2.5478,1
0,1,16.61,150.245,11,2,0,1,1,1,0,0,0,0.8108,1
0,1,119.41,655.614,43,4,5,4,11,2,3,1,1,1.7757,1
0,-1,107.92,482.862,21,2,6,2,8,1,0,0,0,-1.0318,1
0,0,90.93,456.322,30,1,7,1,9,1,0,0,0,4.2452,1
1,0,63.6,180.159,13,1,3,1,4,1,0,0,0,1.3101,1
1,0,114.2,586.689,43,1,9,1,10,3,2,1,2,4.0911,1
0,2,59.08,602.905,43,0,6,0,8,0,6,0,0,3.6335,1
1,0,106.51,488.017,33,3,9,3,11,3,1,1,3,3.31354,1
0,0,60.36,161.201,11,1,3,1,4,0,0,1,0,-1.8065,1
0,1,60.28,415.535,29,1,5,1,7,2,0,0,0,1.9514,1
0,0,53.92,294.358,22,1,3,1,5,3,0,0,3,2.40832,1
0,-2,80.26,114.056,8,0,4,0,4,0,0,0,0,-2.9576,1
0,1,56.76,271.768,18,3,3,2,5,1,0,0,0,1.0037,1
0,1,448.6,1324.536,96,18,15,16,30,6,2,1,5,-2.6067,1
0,2,126.44,929.161,67,0,12,0,14,4,0,0,0,8.0655,1
0,2,59.08,556.792,40,0,4,0,8,2,0,0,0,6.7622,1
0,1,59.28,237.279,17,1,3,1,5,1,0,0,1,0.0435,1
0,0,0.0,536.888,40,0,0,0,0,0,0,0,0,12.6058,1
0,-1,52.16,240.282,18,1,3,1,3,2,0,0,0,2.41054,1
0,0,52.63,299.761,21,1,2,1,5,2,0,0,0,0.0384,1
0,1,7.68,353.433,24,1,2,1,6,2,0,0,0,3.8427,1
0,1,29.8,286.399,21,1,3,1,4,2,0,0,1,1.2413,1
0,0,43.37,400.603,29,0,3,0,3,0,3,0,0,6.4005,1
0,-1,148.88,499.621,35,3,9,3,9,0,2,3,0,1.2578,1
0,1,25.84,178.255,13,2,1,1,2,1,1,0,0,0.7098,1
0,-1,40.13,243.257,18,0,2,0,3,2,0,0,0,2.3461,1
0,0,20.72,114.173,7,1,2,1,3,1,0,0,2,1.08269,1
0,1,13.67,372.532,28,1,1,1,2,3,0,0,0,4.579,1
0,0,37.3,298.426,22,1,2,1,2,0,2,1,0,3.6366,1
0,0,150.04,480.572,32,3,10,2,13,1,2,0,1,-1.2799,1
0,-1,118.56,403.414,30,3,5,3,7,3,0,0,0,1.7355,1
0,1,59.28,363.522,26,1,3,1,5,1,0,0,1,3.5544,1
0,0,185.44,519.448,35,2,15,1,16,2,0,0,4,3.0356,1
0,-1,60.44,250.299,17,0,4,0,5,2,0,0,0,1.8099,1
0,-2,120.72,386.359,29,2,6,2,6,4,0,0,0,1.722,1
0,0,20.23,46.069,3,1,1,1,1,0,0,1,0,-0.0014,1
0,2,30.88,329.831,23,2,2,2,5,2,1,0,0,0.4349,1
0,1,185.39,814.987,57,1,15,1,16,0,4,0,0,2.2038,1
0,0,80.67,466.977,32,1,5,1,7,0,3,1,0,4.1031,1
0,1,66.0,427.496,31,1,5,1,7,3,1,0,1,3.4095,1
0,0,111.19,734.053,50,0,8,0,10,0,0,0,0,10.6118,1
0,0,103.35,368.474,26,2,5,1,7,0,2,0,0,-0.4203,1
0,1,47.87,246.374,18,4,1,2,2,1,1,0,0,2.3968,1
0,0,40.54,429.604,32,1,3,1,3,1,2,1,0,5.4065,1
0,0,58.2,372.553,27,2,2,2,4,0,3,0,0,3.8145,1
0,1,72.37,296.387,21,3,4,2,5,1,0,1,0,0.5037,1
0,0,67.43,250.298,18,2,3,2,5,1,0,0,0,0.4539,1
0,0,29.46,200.237,15,1,2,1,2,2,0,0,0,2.9712,1
0,1,92.01,280.348,20,4,4,3,6,1,0,1,0,0.7856,1
0,0,67.77,75.067,5,3,2,1,3,0,0,0,0,-3.0218,1
0,0,48.3,447.01,16,0,4,0,6,1,0,0,1,2.0107,1
0,-2,142.04,285.2,19,2,9,1,10,2,0,0,4,-1.3152,1
0,1,42.91,234.319,17,2,2,1,3,1,1,0,0,1.0591,1
0,1,30.74,340.487,25,1,2,1,3,2,0,0,0,2.8584,1
0,1,70.46,389.472,28,2,5,2,7,2,0,0,0,1.1657,1
0,1,33.68,240.754,16,2,1,1,3,1,0,0,0,2.2731,1
0,0,80.67,500.579,34,1,6,1,9,0,3,1,0,4.43,1
0,1,114.62,475.595,33,2,7,2,11,3,1,0,4,0.1938,1
0,0,99.73,182.187,13,3,4,2,7,1,0,0,2,0.0689,1
1,0,77.15,349.434,26,4,3,4,5,3,0,0,1,3.32722,1
0,1,89.93,393.507,29,5,3,4,5,3,0,1,1,2.1227,1
0,-1,98.33,626.934,21,2,4,2,9,1,0,0,0,1.4584,1
0,0,40.46,110.112,8,2,2,2,2,1,0,0,0,1.0978,1
0,-1,117.8,574.679,41,1,7,1,10,4,1,0,1,6.48002,1
0,1,43.09,353.53,26,2,1,1,3,2,0,0,0,4.1115,1
0,1,44.3,330.379,24,2,3,1,5,2,1,0,0,2.3003,1
0,-2,121.83,360.262,25,1,6,1,9,2,1,0,0,0.2848,1
0,0,120.64,435.285,28,3,7,2,8,3,0,0,2,4.7174,1
0,1,33.54,235.351,17,2,1,2,3,1,0,0,0,1.16664,1
0,0,20.23,288.475,21,1,1,1,1,0,3,1,0,5.0903,1
0,4,338.42,589.64,40,21,13,13,18,0,3,8,0,-11.2914,1
0,0,97.36,389.477,27,2,5,1,8,1,3,0,0,-0.9498,1
0,0,37.61,307.397,23,0,3,0,4,3,0,0,2,3.24884,1
0,-1,100.82,353.479,25,3,5,3,5,0,1,3,0,1.7082,1
0,1,46.23,261.389,19,3,2,3,3,1,0,0,0,0.93134,1
0,-1,117.18,347.391,25,2,5,1,7,1,1,0,0,-2.5695,1
0,-2,150.82,355.306,26,2,8,2,9,1,0,0,0,-1.8605,1
0,0,67.77,213.664,14,3,2,1,4,1,0,0,0,-0.1945,1
0,0,27.05,416.135,25,0,3,0,7,3,0,0,2,6.4548,1
0,1,74.36,358.458,26,4,4,4,5,1,3,2,0,0.2902,1
0,1,4.44,280.863,19,1,0,1,2,1,1,0,0,3.3209,1
0,-1,253.74,766.898,54,8,10,7,17,3,0,0,1,0.043,1
0,0,119.31,303.681,20,4,8,3,10,2,1,2,4,-0.3494,1
0,0,75.35,76.055,5,4,2,3,4,0,0,0,0,-0.9561,1
0,0,63.83,160.18,12,3,4,2,4,2,0,0,2,0.9154,1
1,0,68.29,356.447,25,1,5,1,6,2,1,0,1,3.1596,1
0,0,71.01,305.205,19,3,3,1,6,1,0,0,0,-0.1265,1
0,-1,103.5,272.236,20,1,5,1,6,2,0,0,0,1.91342,1
0,0,157.11,227.085,15,0,9,0,12,0,0,0,0,-1.0201,1
0,1,42.39,212.276,16,2,2,1,3,2,1,0,2,0.7777,1
0,0,43.07,343.217,23,0,4,0,6,3,0,0,3,4.23352,1
0,0,46.53,372.549,27,1,3,1,3,1,1,0,0,6.264,1
0,4,289.09,488.535,33,19,11,11,15,0,3,7,0,-10.1586,1
0,1,61.86,249.334,18,4,2,3,4,2,0,1,1,0.8794,1
0,-4,324.93,1175.353,87,6,15,6,19,6,0,2,8,8.96528,1
0,0,97.99,150.13,10,4,5,4,5,0,0,4,0,-2.7397,1
0,0,37.3,298.426,22,1,2,1,2,0,3,1,0,3.4925,1
0,0,107.77,388.42,28,1,7,1,8,1,0,0,0,3.2018,1
0,-1,89.54,333.389,23,1,5,1,7,1,2,0,0,-0.4739,1
0,2,57.04,598.913,43,1,4,1,6,0,6,0,0,5.4951,1
1,0,58.36,394.73,24,1,4,1,8,2,0,0,2,3.6864,1
0,2,92.47,131.183,9,7,0,4,5,0,0,0,0,-4.6735,1
0,-2,81.65,286.264,19,0,5,0,6,1,0,0,0,2.115,1
0,1,46.53,392.519,29,1,3,1,4,2,3,1,0,3.7697,1
0,1,20.57,256.373,19,1,2,1,3,2,0,0,1,1.2327,1
0,0,43.07,308.772,22,0,4,0,5,3,0,0,3,3.58012,1
0,-1,77.34,275.737,17,1,3,1,7,1,0,0,0,2.522,1
0,-1,137.0,357.452,24,4,6,2,8,0,1,0,0,-1.9536,1
0,-1,86.66,389.459,27,1,5,1,7,0,2,1,0,2.9752,1
0,-1,141.28,195.147,13,5,7,5,7,0,0,5,0,-4.8278,1
0,1,473.87,1183.319,85,20,14,17,30,4,2,1,3,-5.9974,1
1,0,122.47,482.562,34,1,7,1,10,3,1,0,2,3.14994,1
0,1,17.33,275.803,19,1,1,1,3,2,0,0,1,2.4015,1
0,0,86.18,172.209,11,4,3,2,5,1,0,0,0,-0.0838,1
0,0,121.81,498.576,36,2,7,1,9,2,0,0,0,0.2234,1
0,1,19.85,267.396,20,2,1,1,2,2,0,0,0,2.5066,1
0,0,0.0,158.355,4,0,0,0,4,0,0,0,0,2.066,1
0,1,53.66,115.2,8,5,1,2,2,0,1,0,0,-0.5018,1
0,1,4.44,292.446,22,1,0,1,1,2,0,0,0,3.4602,1
0,-1,60.36,103.097,7,1,3,1,3,0,0,1,0,-1.4912,1
0,0,68.87,123.115,9,2,3,1,4,1,0,0,2,-0.4245,1
0,1,20.23,315.506,22,2,1,2,3,2,1,0,1,2.854,1
0,-2,80.26,96.063,5,0,4,0,5,0,0,0,0,-1.338,1
0,1,54.13,340.443,25,3,3,3,4,1,3,1,0,1.0954,1
1,1,140.76,601.873,38,2,9,2,14,4,0,0,5,4.5973,1
0,0,75.27,224.26,16,2,3,2,5,0,1,0,0,0.961,1
0,1,16.61,264.392,20,2,0,1,1,2,0,0,0,3.2757,1
0,-3,151.05,316.207,19,2,7,2,10,0,0,1,0,-3.4451,1
0,-2,196.92,425.401,31,5,8,4,11,3,0,0,3,-2.003,1
0,2,40.58,309.413,23,2,2,1,4,2,1,0,2,0.7812,1
0,-1,84.37,377.42,28,0,6,0,6,3,0,0,2,2.18094,1
0,0,131.19,505.637,35,4,7,3,10,2,1,1,0,2.4028,1
0,1,48.22,412.579,29,2,5,2,6,2,1,1,0,2.0748,1
0,0,67.87,369.368,25,1,4,1,9,3,0,0,3,3.51522,1
0,1,57.95,493.697,35,1,5,1,7,2,5,0,1,2.8387,1
0,1,52.32,161.225,11,2,2,1,4,0,0,0,0,0.1764,1
0,-2,212.96,475.465,35,5,11,3,12,3,0,0,4,-1.6878,1
0,1,100.02,269.281,19,3,5,3,8,0,2,0,0,-4.1254,1
0,0,40.62,312.413,23,0,2,0,4,1,2,0,0,2.5349,1
0,1,232.4,1023.247,73,5,13,5,20,3,6,0,1,0.9064,1
1,0,123.49,228.208,16,4,8,3,8,1,1,2,3,-2.1388,1
0,0,39.19,391.555,29,0,3,0,3,1,2,0,1,5.9694,1
0,0,46.53,228.247,17,1,3,1,3,2,0,0,0,2.6318,1
0,0,179.56,679.863,49,4,8,4,13,1,4,0,2,2.4459,1
0,-1,40.13,163.196,12,0,2,0,2,1,0,0,0,0.7592,1
0,0,108.23,211.217,15,5,4,3,5,1,0,0,0,-1.6092,1
0,0,29.46,124.139,9,1,2,1,2,1,0,0,0,1.4008,1
0,2,163.36,1035.238,74,0,16,0,18,4,0,0,0,7.7098,1
0,1,31.15,404.987,27,2,4,2,6,2,1,1,0,2.5256,1
0,-1,100.04,269.331,17,2,6,1,8,2,0,0,2,1.82282,1
0,2,0.0,502.746,38,0,0,0,2,4,0,0,0,8.2396,1
1,0,225.5,511.508,35,6,11,5,15,2,0,0,2,-3.7813,1
0,0,60.44,386.532,28,0,4,0,4,0,3,0,0,4.6552,1
0,1,54.13,286.351,21,3,3,3,4,1,1,1,0,-0.219,1
1,0,248.43,573.57,42,9,11,7,15,4,0,0,4,1.2877,1
0,-2,228.9,682.684,43,2,16,2,21,3,1,0,4,-1.379,1
0,1,68.1,308.486,22,5,2,3,3,1,0,2,0,2.4875,1
0,2,33.68,314.458,22,3,3,3,5,2,1,0,0,0.10272,1
0,1,47.87,152.217,11,4,1,2,2,1,0,1,0,0.3504,1
0,0,61.09,311.425,23,1,3,1,3,0,2,1,0,3.83718,1
0,0,37.3,324.464,24,1,2,1,2,0,3,1,0,4.0487,1
0,1,109.75,579.67,42,2,8,2,10,3,2,0,1,2.7454,1
0,0,48.39,210.285,15,0,6,0,6,1,0,0,3,0.0696,1
0,-3,174.25,232.045,13,4,7,2,10,0,0,1,0,-4.9081,1
0,1,16.91,329.489,23,1,3,1,4,2,0,0,0,3.0785,1
0,1,38.25,511.819,37,0,4,0,5,2,0,0,2,8.0495,1
0,0,79.04,361.373,26,1,6,1,8,2,1,0,1,-1.2078,1
0,-1,193.64,510.563,33,3,15,2,17,2,1,0,5,-2.2045,1
0,0,84.08,295.298,22,2,4,2,6,3,0,0,2,2.9722,1
0,0,74.69,136.114,10,2,4,2,5,2,0,0,4,0.0585,1
0,0,88.18,435.889,29,1,6,1,10,2,2,0,0,2.5199,1
1,0,64.16,410.493,30,0,6,0,7,3,1,0,3,3.59042,1
1,0,49.41,372.534,26,1,3,1,5,2,1,0,0,3.8837,1
0,-4,363.76,868.862,58,6,20,4,24,4,0,0,0,2.04404,1
0,0,114.43,678.491,32,0,10,0,12,0,1,0,0,2.7925,1
0,1,47.95,247.362,18,3,1,1,3,1,1,0,0,1.0546,1
0,1,63.81,293.148,17,3,4,3,6,2,0,0,2,-0.156,1
0,1,118.98,609.696,44,2,9,2,11,3,2,0,1,2.754,1
0,-1,69.23,162.19,10,1,4,2,5,0,0,0,0,-1.8292,1
0,0,69.11,60.056,4,4,1,2,3,0,0,0,0,-0.9762,1
0,1,25.84,298.431,21,2,2,1,3,3,0,0,0,3.6047,1
0,1,537.42,1423.728,100,20,19,15,34,1,1,0,0,-7.7944,1
0,1,64.17,415.354,28,3,3,2,11,1,1,0,0,2.4145,1
0,0,179.66,791.115,32,7,8,7,14,1,0,5,0,-0.9884,1
0,-1,95.25,193.182,14,3,4,2,5,1,0,0,0,-1.2515,1
0,0,74.6,376.468,27,2,4,2,5,0,3,2,0,2.7808,1
0,1,87.03,302.402,22,5,2,4,6,2,0,0,1,0.9949,1
0,-1,130.53,304.282,22,1,6,1,8,1,0,0,0,1.14938,1
0,0,32.67,324.811,23,0,2,0,4,2,1,0,0,3.934,1
0,-2,75.72,136.043,8,0,4,0,5,0,1,0,0,-1.3551,1
0,0,69.64,448.95,32,2,3,2,6,3,0,1,0,5.68314,1
0,1,52.07,300.769,21,2,2,2,5,2,0,0,0,1.0313,1
0,1,46.01,449.402,30,2,3,2,7,2,1,0,0,3.4422,1
0,1,4.44,288.414,22,1,0,1,1,3,0,0,0,3.5679,1
0,0,35.53,184.147,11,0,3,0,5,0,0,0,0,2.914,1
0,2,51.11,385.533,27,3,4,3,6,2,1,1,0,-0.4805,1
0,0,64.35,367.198,11,3,2,2,6,0,0,0,0,0.3243,1
0,0,46.15,298.379,21,0,5,0,5,0,5,0,0,2.8408,1
0,-2,120.72,148.07,10,2,6,2,6,0,0,2,0,-4.792,1
0,-1,119.38,441.467,33,2,7,2,8,3,0,0,2,2.44476,1
0,0,67.77,131.175,9,3,2,1,3,0,0,0,0,-1.4614,1
0,2,428.79,1058.255,73,20,14,13,27,2,2,0,0,-5.7627,1
0,0,104.55,296.201,20,3,6,3,10,1,1,2,2,-0.8039,1
0,1,401.15,1008.215,69,17,14,12,26,1,2,0,0,-4.3254,1
0,1,31.15,438.539,30,2,4,2,8,2,1,1,0,2.891,1
0,0,66.48,198.222,14,1,3,1,5,0,1,0,0,0.501,1
0,-2,63.19,97.969,5,0,3,0,5,0,0,0,0,-1.2154,1
0,1,66.33,212.269,15,4,3,2,4,1,0,1,0,0.3676,1
1,0,21.26,297.423,21,1,3,1,3,3,0,0,0,4.6309,1
0,1,77.3,212.269,15,5,3,4,4,1,0,1,0,0.103,1
0,0,37.3,270.372,20,1,2,1,2,1,2,0,0,3.8174,1
0,1,0.0,243.168,13,0,0,0,2,1,0,0,0,3.0454,1
0,0,52.82,327.468,24,2,3,2,3,0,3,1,0,4.1437,1
0,1,77.3,288.367,21,5,3,4,4,2,0,1,0,1.3258,1
0,-3,174.25,246.072,14,4,7,2,10,0,0,1,0,-4.518,1
0,0,100.9,434.504,31,2,6,2,7,0,3,2,0,2.3224,1
0,1,119.41,584.697,43,4,5,4,10,3,4,1,1,0.664,1
0,0,94.83,374.477,27,3,5,3,5,0,3,3,0,1.8036,1
0,-1,83.5,349.428,24,0,5,0,6,1,2,0,0,2.9508,1
0,1,83.08,247.105,15,5,1,3,6,1,0,0,0,-0.5835,1
0,0,86.19,314.366,22,2,4,1,6,3,0,0,1,2.96442,1
0,0,90.37,247.251,16,3,7,2,8,1,1,1,2,-0.455,1
0,1,68.1,168.216,12,5,2,3,3,1,0,1,0,0.056,1
0,0,57.53,606.782,41,2,3,2,9,1,2,1,0,8.6826,1
0,1,147.75,552.777,39,7,6,4,9,1,0,1,0,2.5767,1
0,1,39.97,300.378,22,1,3,1,4,1,2,0,0,0.5162,1
0,1,40.16,199.277,15,3,1,1,2,2,0,0,1,2.1149,1
0,0,100.9,486.649,35,2,6,2,6,0,4,2,0,4.3029,2
0,1,77.35,377.461,27,1,5,1,7,1,1,0,0,0.5832,2
0,0,133.08,267.245,19,2,6,2,9,1,1,1,2,-0.19628,2
0,0,199.89,821.141,34,8,9,8,15,1,0,6,0,-1.6275,2
0,0,48.14,234.202,15,2,4,1,7,2,0,0,1,2.7771,2
0,0,9.03,189.224,11,0,1,0,5,0,3,0,0,0.1577,2
0,0,0.0,188.017,11,0,0,0,8,0,0,0,0,2.7463,2
0,0,106.97,521.05,36,1,7,1,8,0,3,1,0,4.0868,2
0,0,98.18,225.16,16,0,6,0,8,1,1,0,0,0.9739,2
0,0,90.65,260.334,18,3,4,2,6,0,0,0,0,2.0227,2
0,2,97.29,191.323,13,9,3,5,5,0,0,0,0,-4.3798,2
1,0,89.33,421.504,32,3,6,2,6,5,1,1,4,4.8221,2
0,-1,57.2,259.306,18,0,4,0,4,2,0,0,0,1.8325,2
0,1,33.54,247.362,18,2,1,2,3,1,1,0,0,1.30914,2
0,1,92.24,337.44,24,4,4,3,6,1,0,1,0,1.3393,2
1,0,91.92,489.931,33,2,4,2,10,4,0,0,2,5.5442,2
0,1,13.67,270.396,20,1,1,1,2,2,0,0,0,2.24552,2
0,-1,27.99,126.16,8,0,3,0,3,1,0,0,1,1.56349,2
0,1,46.79,325.432,24,2,3,2,4,2,3,1,1,1.7561,2
0,-1,66.43,179.151,13,0,4,0,4,1,0,0,0,-0.0246,2
0,1,24.67,501.44,33,2,1,2,7,3,0,1,0,7.2272,2
0,1,46.53,290.383,21,1,3,1,4,1,2,1,0,2.033,2
0,1,16.61,307.244,20,2,0,1,3,2,0,0,0,4.1534,2
0,1,138.88,466.536,32,4,8,2,11,1,2,0,0,0.579,2
0,0,160.83,588.562,42,3,13,3,13,2,3,2,0,1.3386,2
0,1,46.79,325.432,24,2,3,2,4,2,3,1,1,1.7561,2
0,1,17.21,205.306,14,1,2,1,3,1,1,0,0,0.2267,2
0,1,24.67,288.455,21,2,1,2,2,1,2,1,0,2.5233,2
0,-1,111.3,372.36,28,2,7,2,7,4,0,0,3,2.376,2
0,2,92.01,255.753,17,7,0,5,6,1,0,0,0,-2.0491,2
0,0,50.09,361.485,27,0,3,0,3,2,0,0,0,5.77168,2
0,0,176.42,690.86,48,2,11,2,14,1,1,1,1,2.2693,2
0,-1,98.33,501.038,20,2,4,2,8,1,0,0,0,0.88572,2
1,0,84.83,465.638,34,4,5,4,6,2,1,0,0,3.5526,2
0,0,155.59,568.542,42,1,11,1,12,6,0,0,4,4.70522,2
0,-2,147.02,440.429,30,2,8,2,9,0,3,2,0,0.6346,2
0,1,25.84,310.339,22,2,1,1,5,2,0,0,0,3.4088,2
0,0,58.2,218.256,16,2,2,2,4,1,1,0,0,0.5379,2
0,0,46.17,235.308,16,1,3,1,4,1,1,0,0,1.6815,2
1,0,172.06,532.569,38,6,6,6,12,2,0,1,1,2.24154,2
0,1,17.33,163.244,12,1,1,1,2,1,1,0,1,0.4312,2
0,-1,200.91,518.557,35,4,12,2,15,2,1,0,4,-4.0964,2
0,0,63.68,475.629,35,0,5,0,5,1,2,0,0,5.543,2
0,0,40.46,400.647,29,2,2,2,2,0,3,2,0,6.7339,2
0,0,178.36,804.031,57,3,12,3,13,0,3,3,0,4.639,2
0,1,26.3,146.21,10,0,2,0,3,0,0,0,0,0.2557,2
0,1,46.53,340.443,25,1,3,1,4,2,1,1,0,2.7045,2
0,0,139.28,255.234,18,5,8,4,9,2,0,2,4,-1.9709,2
0,1,36.84,166.244,12,3,1,2,2,1,0,1,0,0.3017,2
0,5,355.42,620.674,42,23,14,13,19,0,4,8,0,-12.4457,2
0,1,63.36,468.658,34,3,4,3,5,1,5,1,0,2.9967,2
0,-1,102.71,458.55,33,2,6,2,7,2,0,2,1,3.546,2
0,1,221.35,878.053,63,7,14,7,16,2,2,2,0,4.23112,2
0,1,103.1,568.804,40,5,5,5,8,2,2,1,0,3.33052,2
0,-1,150.04,382.403,25,3,10,2,12,1,1,0,1,-1.8905,2
0,1,39.97,380.508,28,1,3,1,4,2,1,0,0,2.944,2
0,0,37.3,288.431,21,1,2,1,2,0,3,1,0,3.8792,2
0,0,37.38,203.241,15,0,2,0,3,1,1,0,0,1.333,2
0,-1,166.51,474.515,33,4,8,3,11,1,2,1,0,-2.7549,2
1,0,495.89,1269.433,91,20,16,17,32,4,2,1,3,-3.1057,2
1,0,122.91,359.354,25,3,8,3,10,1,1,2,2,0.7602,2
0,1,56.76,237.323,17,3,3,2,4,1,0,0,0,0.3503,2
0,1,59.3,380.443,28,2,3,2,6,3,0,0,2,2.2613,2
0,2,0.0,240.435,17,0,0,0,2,0,2,0,0,2.6375,2
0,1,43.13,288.367,21,2,3,2,4,1,0,1,0,0.4332,2
0,1,17.33,291.418,22,1,1,1,2,2,1,0,1,2.2906,2
0,-1,40.13,59.044,4,0,2,0,2,0,0,0,0,-1.2438,2
0,1,65.99,295.403,21,3,4,2,5,1,0,0,0,1.1391,2
0,2,126.44,929.161,67,0,12,0,14,4,0,0,0,8.0655,2
0,-1,40.13,299.434,22,0,2,0,2,0,0,0,0,4.2679,2
1,0,92.35,464.831,32,3,4,3,11,3,0,0,1,5.5497,2
0,1,35.53,256.328,15,0,4,0,6,0,0,0,0,2.6069,2
0,0,35.53,242.702,16,0,3,0,4,1,0,0,0,3.0605,2
0,2,89.36,316.427,21,4,5,3,8,1,0,0,0,-0.9843,2
0,-1,86.46,612.951,20,2,4,1,8,1,0,0,0,1.8215,2
0,0,109.57,360.244,20,3,5,2,11,1,0,0,0,0.5983,2
0,0,44.57,375.559,25,1,4,1,5,2,1,0,0,2.29304,2
0,1,66.29,177.183,13,3,3,2,4,1,0,0,0,-1.3202,2
0,0,377.42,1140.254,82,14,17,14,24,4,3,8,0,-0.9271,2
0,-4,144.84,424.282,28,0,8,0,10,2,0,0,0,1.8324,2
0,0,44.12,244.294,18,0,4,0,4,2,0,0,2,2.6691,2
0,0,54.45,273.741,17,0,3,0,6,1,1,0,0,1.6155,2
0,1,46.07,260.357,19,3,2,2,3,2,0,1,0,1.5513,2
0,0,29.46,76.095,5,1,2,1,2,0,0,1,0,-0.3749,2
0,0,145.78,720.962,50,4,9,4,13,4,0,1,2,5.9052,2
0,-1,97.66,353.479,25,2,5,2,5,0,1,2,0,2.1404,2
0,1,30.74,340.487,25,1,2,1,3,2,0,0,0,2.8584,2
0,1,117.76,196.223,13,7,5,6,6,0,0,5,0,-4.3845,2
0,0,103.3,616.833,43,1,10,1,10,1,0,1,0,4.4836,2
0,0,139.54,267.245,19,5,9,4,9,2,1,3,4,-1.98,2
0,0,17.82,397.758,24,0,3,0,6,3,0,0,2,6.518,2
0,-1,49.36,229.255,17,0,3,0,3,2,0,0,0,1.7018,2
0,-1,40.13,143.206,10,0,2,0,2,0,0,0,0,0.9527,2
0,1,71.01,146.166,10,3,3,1,4,0,0,0,0,-1.2494,2
0,-2,208.43,457.447,33,6,11,5,13,2,0,0,2,-2.9271,2
0,0,34.14,450.707,33,0,2,0,2,1,0,0,0,9.1576,2
0,0,60.16,273.357,19,2,2,1,4,2,0,0,0,2.01,2
0,1,221.35,823.961,59,7,14,7,16,2,1,2,0,2.91832,2
0,0,67.01,265.338,18,2,4,2,6,2,0,0,2,3.2433,2
1,0,41.93,287.359,21,1,4,1,4,1,0,1,0,1.8503,2
0,1,42.77,265.377,19,2,3,2,4,1,0,0,0,1.1999,2
0,1,16.61,164.272,12,2,0,1,1,1,0,0,0,1.2009,2
0,1,325.75,646.616,44,15,18,14,19,0,3,13,0,-9.5907,2
0,1,31.43,326.782,23,1,2,0,5,3,0,0,2,3.74332,2
0,0,86.18,248.307,17,4,4,2,5,2,0,0,0,1.6838,2
0,0,108.23,197.19,14,5,4,3,5,1,0,0,0,-1.9993,2
0,0,182.83,764.95,54,5,13,5,13,0,7,5,0,3.2473,2
0,1,37.46,325.407,24,1,2,1,4,2,0,0,0,2.39588,2
0,0,60.44,414.586,30,0,4,0,4,0,3,0,0,5.2929,2
0,1,24.67,302.482,22,2,1,2,2,1,2,1,0,2.9134,2
0,1,72.01,285.389,19,3,4,2,6,1,0,0,0,1.14352,2
0,1,37.44,285.754,20,2,2,2,4,2,0,1,0,0.6898,2
0,1,42.91,262.373,19,2,2,1,3,1,1,0,0,2.128,2
0,0,86.99,432.601,31,3,5,3,5,1,1,3,0,4.1864,2
0,-1,69.23,555.855,16,1,3,1,7,1,0,0,0,1.8223,2
0,-2,225.59,573.616,36,3,16,2,19,1,2,0,4,-4.0669,2
0,0,184.65,508.645,35,7,6,5,12,1,1,0,0,-2.5512,2
0,0,37.3,312.453,23,1,2,1,2,0,3,1,0,3.8826,2
0,0,52.6,337.188,11,0,4,0,5,0,2,0,0,0.1692,2
0,0,79.04,361.373,26,1,6,1,8,2,1,0,1,-1.2078,2
0,1,4.44,278.419,21,1,0,1,1,2,0,0,0,2.7515,2
0,0,98.56,433.501,31,1,7,1,8,1,1,0,0,0.47492,2
0,0,46.0,169.567,11,1,2,1,4,2,0,0,1,1.7745,2
0,-1,127.12,423.526,30,3,7,3,7,0,0,3,0,1.1057,2
1,0,69.06,531.44,36,0,7,0,10,3,2,0,2,4.2058,2
1,0,74.32,356.447,25,2,4,1,6,3,0,0,1,3.49882,2
0,0,139.54,267.245,19,5,9,4,9,2,1,3,4,-1.98,2
0,1,152.76,325.349,23,6,8,3,10,2,0,0,4,-1.5144,2
0,0,121.38,182.172,12,6,6,6,6,0,0,6,0,-3.5854,2
0,1,39.97,318.437,23,1,3,1,4,1,1,0,0,1.821,2
0,1,50.97,290.383,21,2,3,2,4,1,2,1,0,0.5138,2
0,-1,40.13,299.434,22,0,2,0,2,0,0,0,0,4.2679,2
0,0,104.55,354.1,17,3,6,3,8,1,1,2,2,-1.2181,2
0,1,88.33,122.144,8,6,3,4,4,0,0,3,0,-3.056,2
0,-1,57.2,141.193,7,0,4,1,5,0,0,0,0,-0.5386,2
0,0,83.83,424.622,30,2,5,2,5,0,1,2,0,5.1223,2
1,0,32.7,277.408,20,1,3,1,3,1,1,1,0,3.0356,2
0,0,57.04,388.895,27,1,4,1,6,2,1,0,0,0.3964,2
0,1,77.63,60.08,4,6,0,3,3,0,0,0,0,-2.9811,2
0,0,67.77,159.229,11,3,2,1,3,0,0,0,0,-0.9694,2
0,-4,144.84,330.125,21,0,8,0,10,2,0,0,0,-0.43678,2
0,1,17.33,241.358,18,1,1,1,2,2,0,0,1,1.7481,2
0,1,27.64,134.202,10,3,0,1,1,1,1,0,0,0.7844,2
0,0,81.19,171.156,12,1,5,1,6,1,0,1,2,0.09202,2
0,0,0.0,204.357,15,0,0,0,0,0,1,0,0,4.7252,2
1,0,57.36,152.182,10,2,3,2,5,2,0,0,4,1.01549,2
0,0,106.97,508.558,36,1,7,1,9,0,3,1,0,3.5195,2
0,0,89.65,213.244,16,4,5,2,5,2,0,0,1,2.6614,2
0,-1,69.23,178.167,13,1,3,1,4,1,0,0,0,-0.8337,2
0,-1,97.66,351.463,25,2,5,2,5,0,1,2,0,1.9164,2
0,0,66.76,218.293,15,2,4,2,4,0,0,2,0,1.2433,2
1,0,97.62,529.526,39,2,7,2,11,5,0,0,5,6.35584,2
0,0,44.12,208.261,15,0,4,0,4,1,1,0,2,1.1618,2
0,0,49.41,204.229,15,1,2,1,4,1,1,0,0,1.2994,2
0,0,46.17,141.17,10,1,2,1,3,0,1,0,0,0.4492,2
0,1,105.34,476.634,34,3,6,3,7,0,3,2,0,1.2572,2
0,-1,118.5,309.327,21,2,7,1,9,2,0,0,2,1.4701,2
0,0,33.12,214.051,13,1,2,1,4,2,0,0,1,3.2472,2
0,-1,80.59,359.486,26,2,4,2,4,0,2,2,0,2.2066,2
0,0,176.49,525.642,34,4,13,3,16,2,1,0,5,-3.405,2
0,2,121.68,342.443,25,8,2,4,6,2,0,0,0,-0.7565,2
0,0,78.89,278.312,20,0,7,0,7,2,0,0,4,0.193,2
0,0,105.9,416.359,30,3,6,1,10,3,2,0,2,-0.157,2
0,-1,223.09,644.672,44,3,14,3,19,2,2,0,4,-2.4467,2
0,-1,99.33,423.514,30,1,6,0,7,3,0,0,2,1.4941,2
0,0,0.0,498.958,26,0,0,0,18,0,0,0,0,6.3482,2
0,0,58.2,252.273,19,2,2,2,4,2,1,0,0,1.7696,2
0,-1,86.38,152.129,11,3,4,2,4,1,0,0,0,-0.6621,2
0,0,43.37,360.538,26,0,3,0,3,0,4,0,0,5.166,2
0,0,94.83,378.44,27,3,5,3,6,0,3,3,0,1.5056,2
0,0,111.19,677.945,46,0,8,0,10,0,0,0,0,9.0514,2
0,0,57.46,348.446,26,1,3,1,4,2,1,0,1,1.26352,2
0,0,106.97,521.05,36,1,7,1,8,0,3,1,0,3.9427,2
0,0,67.77,149.215,9,3,3,2,4,0,0,0,0,-1.9448,2
1,0,65.84,489.406,34,2,5,1,7,5,0,0,3,5.4964,2
1,0,133.87,778.947,57,2,11,2,12,3,2,1,1,4.7536,2
0,1,91.97,316.425,23,4,3,2,5,0,6,1,0,0.44118,2
0,1,101.5,409.89,28,4,6,2,8,1,0,0,0,1.5495,2
0,-4,220.8,509.468,36,1,13,1,14,1,0,0,0,-9.1898,2
0,0,164.1,558.517,40,5,8,3,14,3,2,0,2,-1.1476,2
0,-1,202.84,611.624,44,5,11,4,13,3,1,1,0,2.99512,2
0,-1,115.84,395.438,26,1,8,1,10,1,1,0,0,-0.7424,2
0,-1,49.36,241.266,18,0,3,0,3,2,0,0,0,2.3323,2
0,1,378.29,981.189,67,16,14,12,25,1,2,1,0,-4.2101,2
0,1,84.44,535.44,37,3,4,3,14,3,1,0,3,3.535,2
0,-1,57.2,365.836,26,0,3,0,4,2,1,0,0,4.3074,2
0,-2,207.24,433.424,28,3,12,2,15,1,1,0,1,-2.8498,2
0,-1,98.33,612.907,20,2,4,2,9,1,0,0,0,1.7807,2
0,-1,147.72,550.617,39,1,10,1,12,4,0,1,4,4.7972,2
0,1,50.97,358.502,26,2,3,2,4,1,1,1,0,1.9258,2
0,0,48.91,328.5,24,2,2,2,3,1,3,1,2,4.1181,2
0,1,72.31,428.534,30,2,5,2,8,2,1,0,0,2.6895,2
0,1,75.49,244.318,18,5,1,3,4,2,0,0,1,0.3173,2
0,1,26.56,291.802,20,1,2,1,4,2,0,0,1,1.9855,2
0,0,74.73,393.443,29,1,7,1,7,3,0,0,2,3.4051,2
0,0,88.0,181.191,13,4,3,2,4,1,0,0,0,-1.7049,2
0,1,10.92,374.961,25,1,3,1,5,2,1,0,0,3.1631,2
0,-1,108.0,379.414,26,1,7,1,9,1,2,0,0,-0.3856,2
0,1,60.71,476.37,30,2,5,2,8,3,1,0,2,3.5871,2
0,0,93.06,434.504,31,2,6,2,7,0,4,2,0,2.2747,2
0,0,20.23,60.096,4,1,1,1,1,0,0,1,0,0.3871,2
0,1,16.91,367.557,27,1,2,1,3,2,1,0,0,3.4131,2
0,0,49.41,218.256,16,1,2,1,4,1,1,0,0,1.4735,2
0,-1,193.12,526.518,38,5,10,3,11,2,1,2,0,-0.9519,2
1,0,74.73,393.443,29,1,7,1,7,3,0,0,2,3.4051,2
0,0,71.06,352.77,24,0,6,0,7,1,0,0,0,2.8103,2
0,1,65.36,411.501,30,1,5,1,7,3,1,0,3,2.17332,2
0,-1,89.82,389.512,28,2,5,2,5,1,1,2,0,2.2485,2
0,0,27.69,197.841,5,0,3,0,5,0,3,0,0,-0.9668,2
0,0,81.65,306.276,22,1,7,1,9,3,0,1,6,0.7358,2
0,0,93.03,236.231,17,2,6,2,7,2,1,1,4,-0.2105,2
0,0,123.76,198.138,14,3,5,2,8,1,0,0,0,0.19,2
0,1,77.3,302.394,22,5,3,4,4,2,0,0,0,1.9306,2
1,0,95.44,182.187,13,3,5,2,7,0,0,0,0,-1.6657,2
0,1,13.67,304.841,21,1,1,1,3,2,0,0,0,2.7778,2
0,0,86.33,383.376,26,1,6,1,10,3,0,0,3,2.8843,2
0,0,195.43,914.187,65,3,13,3,14,0,3,3,0,6.1806,2
0,-2,189.51,417.419,29,3,10,3,13,0,0,0,0,-8.783,2
0,-1,80.59,391.572,28,2,4,2,4,0,4,2,0,3.1432,2
0,0,102.28,254.246,18,2,8,2,8,2,0,2,4,-2.2131,2
0,1,61.79,260.361,19,4,3,2,4,2,0,0,1,2.0659,2
0,1,77.3,212.269,15,5,3,4,4,1,0,1,0,0.103,2
0,0,100.9,422.493,30,2,6,2,7,0,3,2,0,2.4445,2
0,1,84.32,317.435,21,3,7,2,8,1,1,1,2,-0.5237,2
0,0,61.77,233.699,15,1,3,1,6,0,1,0,0,2.2509,2
0,-2,211.54,458.423,33,6,9,5,11,1,0,3,0,-5.6881,2
0,-2,216.2,452.431,33,5,12,3,13,3,0,0,4,-2.401,2
0,1,47.87,152.217,11,4,1,2,2,1,0,0,0,0.5651,2
0,0,95.11,209.253,15,4,5,2,6,1,1,0,2,-0.1303,2
0,1,23.55,365.522,26,0,1,0,4,2,3,0,0,3.6559,2
0,1,45.71,221.324,16,3,1,2,3,1,0,0,0,1.29542,2
0,1,63.81,254.726,16,3,5,3,7,2,0,0,2,-0.2036,2
0,-1,57.2,355.41,25,0,3,0,5,2,0,0,0,3.0308,2
0,-10,833.78,1498.193,91,9,49,9,60,0,5,6,0,-19.1603,2
0,1,69.1,205.322,14,5,3,4,4,0,0,2,0,-1.3188,2
0,1,37.22,550.711,38,1,5,1,9,2,1,0,0,5.4123,2
0,1,220.02,794.956,56,6,14,6,15,0,7,5,0,0.1901,2
0,0,188.9,806.987,57,4,14,4,14,0,7,4,0,3.8181,2
0,0,75.27,224.26,16,2,3,2,5,0,1,0,0,0.961,2
0,0,140.42,547.674,38,4,8,3,11,2,2,1,0,2.3753,2
0,5,498.76,1208.539,85,28,13,18,29,1,1,2,0,-8.8288,2
0,0,77.1,345.424,24,1,5,1,7,3,0,0,3,2.89974,2
0,1,16.61,300.196589,14,2,0,1,2,1,0,0,0,2.194,2
0,6,362.83,620.698,42,25,13,13,19,0,4,7,0,-13.1961,2
0,1,20.57,266.368,20,1,2,1,3,2,1,0,1,1.0618,2
0,-1,115.67,493.005,33,2,5,2,10,2,1,0,0,4.4258,2
0,1,60.42,340.491,25,3,2,2,4,2,0,0,1,1.9448,2
0,1,172.99,355.375,25,7,9,4,11,2,0,1,4,-2.1535,2
0,0,203.06,780.949,55,6,14,6,14,0,7,6,0,2.2181,2
0,1,13.67,200.327,13,1,2,1,3,0,4,0,0,0.1431,2
0,0,60.44,428.613,31,0,4,0,4,0,3,0,0,5.9696,2
0,0,107.77,346.339,25,1,7,1,8,1,0,0,0,2.1756,2
0,0,99.13,494.531,35,1,7,1,9,0,4,1,0,2.9376,2
0,1,17.33,320.254,19,1,1,1,3,2,0,0,1,2.5106,2
1,0,139.54,285.235,20,5,9,4,10,2,1,3,4,-1.8409,2
0,0,23.79,27.026,2,0,1,0,1,0,0,0,0,0.13978,2
0,0,43.37,366.501,27,0,3,0,3,0,6,0,0,4.3059,2
0,1,24.75,387.594,26,1,3,1,5,2,1,0,0,3.484,2
0,-1,89.54,626.934,21,1,4,1,9,1,0,0,0,1.805,2
0,-1,114.62,557.642,41,3,6,3,8,4,0,2,1,4.9789,2
1,0,168.75,519.904,33,3,11,2,15,3,1,0,4,2.9113,2
0,-2,218.94,439.388,32,5,11,4,13,3,0,0,4,-2.7142,2
0,1,7.68,285.436,20,1,2,1,3,2,0,0,0,2.8223,2
0,-1,161.04,394.414,26,4,10,3,12,1,1,0,1,-1.5065,2
0,-2,153.56,277.173,18,3,9,2,10,1,0,1,2,-2.9258,2
1,0,144.6,373.266,13,8,4,4,7,0,1,0,0,0.6474,2
0,0,57.04,388.895,27,1,4,1,6,2,1,0,0,0.3964,2
0,0,20.23,178.275,13,1,1,1,1,1,0,0,0,3.639,2
0,-1,61.19,357.261,23,0,5,0,7,2,0,0,2,1.9299,2
0,1,24.67,258.385,19,2,1,2,2,1,2,0,0,1.6633,2
1,0,160.83,588.562,42,3,13,3,13,2,3,2,0,1.3386,2
0,0,15.6,386.801,25,0,2,0,8,2,0,0,0,5.0262,2
0,1,24.67,284.423,21,2,1,2,2,1,2,0,0,2.2195,2
0,1,104.46,409.528,28,4,5,2,8,2,0,0,0,1.3147,2
0,-1,102.26,347.42,24,2,5,2,8,2,0,0,1,3.31402,2
0,-1,57.2,253.277,19,0,3,0,3,2,0,0,0,1.771,2
0,0,37.38,189.214,14,0,2,0,3,1,1,0,0,1.1589,2
0,0,104.7,705.647,49,0,12,0,14,5,2,0,6,5.5773,2
0,0,143.48,405.432,28,4,7,2,10,1,1,0,0,-2.0634,2
0,0,115.04,222.251,13,3,6,2,9,1,0,0,2,-0.8561,2
0,-2,190.17,451.442,30,3,12,2,14,1,1,0,1,-3.2142,2
0,0,43.37,344.495,25,0,3,0,3,0,3,0,0,4.8401,2
0,1,21.51,206.309,15,1,1,1,2,1,0,0,0,1.1825,2
0,-1,83.22,333.161,20,2,4,1,5,2,0,0,0,1.5547,2
0,-1,112.7,322.124,20,3,5,3,9,1,0,2,0,1.07239,2
0,1,55.66,344.479,25,2,3,2,5,2,0,0,1,2.0682,2
0,0,39.19,351.471,25,0,4,0,4,2,0,0,1,4.4315,2
0,-1,66.16,292.314,22,0,4,0,4,3,0,0,1,2.6911,2
0,-1,125.46,329.741,21,3,6,2,9,2,0,0,0,0.556,2
0,0,170.06,875.106,62,3,14,3,14,0,5,3,0,5.6014,2
1,0,206.07,579.986,40,7,12,6,13,2,1,3,0,0.4231,2
0,1,33.98,379.524,28,1,2,1,4,2,2,0,0,1.7562,2
0,1,85.36,220.289,15,5,4,5,5,0,1,4,0,-2.8714,3
0,0,42.85,226.279,17,0,3,0,3,2,0,0,2,2.6371,3
0,1,7.68,371.595,25,1,3,1,4,2,1,0,0,4.4685,3
0,0,60.45,403.212,26,1,4,1,9,2,1,0,1,5.0309,3
0,0,64.43,303.293,22,0,5,0,7,2,0,0,2,1.7737,3
0,-2,83.42,96.97790727,5,1,3,1,5,0,0,0,0,-2.1926,3
0,0,104.55,246.194,17,3,6,3,8,1,1,2,2,-1.6836,3
0,1,66.08,533.48,36,1,7,1,10,3,2,0,3,3.0456,3
0,1,88.33,184.215,13,6,3,4,4,1,0,1,0,-0.2384,3
1,0,163.18,444.488,32,8,10,8,10,2,0,2,0,-0.1392,3
0,1,27.64,136.218,10,3,0,1,1,1,0,0,0,0.8595,3
0,0,90.37,211.221,15,3,6,2,6,1,1,1,2,-0.5046,3
0,1,44.98,411.591,29,2,4,2,5,2,1,1,0,3.5593,3
0,1,56.76,427.568,32,3,2,2,4,3,1,0,0,2.5404,3
0,-1,45.06,206.265,15,0,3,0,3,1,1,0,1,2.55032,3
0,0,178.0,444.488,32,8,8,6,10,2,0,2,0,-3.4556,3
1,0,146.39,729.908,52,3,12,2,12,0,10,1,0,3.438,3
0,1,100.16,329.42,24,6,3,4,5,2,0,1,0,1.1092,3
0,1,207.46,561.701,39,8,8,6,14,0,0,0,0,0.2053,3
0,-2,106.54,334.283,25,0,6,0,6,4,0,0,0,1.6374,3
0,0,36.1,260.362,18,1,2,2,4,2,0,0,1,2.3725,3
0,0,105.51,290.323,21,4,7,2,7,2,0,0,2,1.2576,3
0,0,118.69,431.948,26,3,6,2,11,2,0,0,0,2.4335,3
0,0,49.33,75.067,5,2,2,2,3,0,0,0,0,-0.4883,3
0,-1,109.15,293.328,20,2,6,1,8,2,0,0,2,1.2395,3
0,0,29.46,430.717,31,1,2,1,2,1,0,0,0,8.84026,3
0,0,67.16,231.255,17,2,4,2,5,2,0,0,1,1.41762,3
0,1,55.52,212.342,14,4,3,2,4,1,0,0,1,0.556,3
0,0,43.37,310.393,23,0,3,0,3,2,0,0,0,4.4484,3
0,5,213.75,480.627,33,16,7,8,12,0,2,3,0,-7.4035,3
0,-1,81.59,313.72,22,1,4,1,6,2,0,0,0,1.248,3
0,0,118.36,421.422,27,4,5,3,12,2,0,0,0,1.6254,3
0,0,39.82,293.37,22,0,4,0,4,3,0,0,3,3.12852,3
0,1,89.44,352.451,25,3,5,2,6,1,0,1,0,1.8162,3
0,0,0.0,320.046,18,0,0,0,4,2,0,0,0,5.929,3
0,-1,62.13,256.281,19,0,4,0,4,2,0,0,1,0.85692,3
0,1,24.67,529.959,35,2,1,2,5,3,0,1,0,7.7346,3
0,-3,140.62,189.099,13,1,7,1,7,0,0,1,0,-5.2526,3
0,1,4.44,288.414,22,1,0,1,1,2,1,0,0,3.2808,3
0,0,0.0,136.296,3,0,0,0,3,0,0,0,0,1.3765,3
1,0,119.31,303.681,20,4,8,3,10,2,1,2,4,-0.3494,3
0,-1,87.15,248.287,17,2,4,1,6,2,0,0,1,2.0579,3
0,-1,91.33,213.238,14,2,4,1,6,1,0,0,0,0.8777,3
0,1,24.75,297.422,22,1,1,1,3,1,3,0,0,1.2394,3
0,0,17.82,411.785,25,0,3,0,6,3,0,0,2,6.637,3
0,0,26.3,228.291,17,0,2,0,2,2,0,0,0,3.37,3
0,1,59.7,309.433,23,4,1,2,3,2,0,0,0,2.1904,3
0,1,43.13,302.394,22,2,3,2,4,1,2,1,0,0.308,3
0,0,83.55,258.233,19,1,4,1,6,1,1,0,0,0.0878,3
0,0,37.3,302.458,22,1,2,1,2,0,3,1,0,4.2693,3
0,0,43.37,300.398,22,0,3,0,3,0,3,0,0,3.5899,3
0,0,74.87,389.411,29,1,4,1,7,3,1,0,1,2.2113,3
0,0,60.69,416.646,30,3,3,3,3,0,3,3,0,5.5606,3
1,0,87.9,347.367,25,0,6,0,7,2,0,0,0,3.4836,3
0,0,67.77,171.24,12,3,2,1,3,0,1,0,0,-0.6812,3
0,0,93.06,434.504,31,2,6,2,7,0,4,2,0,2.4188,3
0,1,114.1,489.622,34,2,7,2,11,3,1,0,4,0.65332,3
0,1,56.73,471.025,33,1,6,1,8,3,1,0,3,2.1348,3
0,1,92.27,313.418,22,4,4,2,6,0,0,0,0,0.5686,3
0,0,92.5,365.842,24,3,4,2,8,2,0,0,0,2.0834,3
0,1,113.74,269.281,19,5,7,5,8,1,1,3,2,-2.9084,3
0,-1,66.43,302.133,19,0,4,0,6,1,0,0,0,2.271,3
0,-1,52.16,295.145,19,1,3,1,5,2,0,0,0,3.40892,3
0,0,66.48,262.309,19,1,3,1,5,0,1,0,0,1.3066,3
0,-4,333.87,598.469,35,2,21,2,25,0,2,2,0,-6.181,3
0,0,60.44,314.362,22,0,4,0,5,2,0,0,0,2.5577,3
0,-2,264.5,461.354,30,6,15,6,17,0,2,5,0,-7.0538,3
0,0,34.14,79.865,3,0,2,0,3,0,0,0,0,-0.2401,3
0,0,120.32,305.164,16,4,4,2,10,1,0,0,0,0.2882,3
0,4,174.54,509.49,34,14,0,10,12,2,0,0,0,-3.1034,3
1,0,40.54,273.376,20,1,2,1,3,1,0,0,0,3.9429,3
0,0,35.53,290.403,21,0,3,0,3,1,0,0,0,4.468,3
0,0,111.43,307.287,21,1,7,1,9,2,0,0,1,2.2289,3
0,0,58.2,242.344,16,2,3,2,5,0,1,0,0,1.3499,3
0,-1,66.15,569.926,17,2,3,1,6,1,0,0,0,2.4012,3
0,-1,155.07,464.564,32,4,7,3,10,1,1,0,0,-2.3262,3
0,1,26.56,271.384,20,1,2,1,3,2,0,0,1,1.5062,3
0,0,9.23,361.393,14,0,1,0,5,1,0,0,0,4.4215,3
1,0,77.23,398.482,29,3,3,3,7,2,0,0,1,3.33494,3
0,0,100.9,434.504,31,2,6,2,7,0,3,2,0,2.4665,3
0,1,63.14,292.399,21,3,3,2,4,1,0,1,0,1.3072,3
0,0,60.69,92.094,6,3,3,3,3,0,0,3,0,-1.6681,3
0,0,60.69,412.614,30,3,3,3,3,0,4,3,0,5.0906,3
0,0,49.33,151.165,11,2,2,2,3,1,0,0,0,1.3506,3
0,2,30.61,321.896,22,3,1,2,4,2,0,0,1,2.8126,3
0,0,83.09,399.443,29,1,6,1,7,2,0,0,0,2.8716,3
0,1,95.41,183.178,12,6,2,2,6,0,0,0,0,-2.9958,3
0,0,189.06,510.481,35,3,12,2,15,1,1,0,0,-0.1683,3
0,1,34.73,303.43,22,1,4,1,5,2,1,0,2,0.7976,3
0,1,38.03,178.259,13,3,0,3,3,1,0,0,0,-0.938,3
0,0,88.0,195.218,14,4,3,2,4,1,0,0,0,-1.3148,3
0,-2,148.38,215.941,13,0,7,0,8,0,0,0,0,0.2985,3
0,0,109.57,439.89,25,3,6,2,14,1,0,0,0,1.655,3
0,1,36.87,180.271,13,3,1,1,2,1,0,0,0,1.31264,3
0,1,68.1,154.189,11,5,2,3,3,1,0,0,0,-0.1178,3
0,1,16.61,172.251,13,2,0,1,1,1,0,0,0,0.8705,3
0,1,7.68,315.868,22,1,1,1,3,2,0,0,0,3.1113,3
0,1,91.66,665.915,48,1,7,1,9,3,1,0,3,7.69642,3
0,0,84.6,315.716,22,1,4,1,7,2,0,0,0,3.0377,3
0,0,72.68,180.167,13,1,5,1,6,2,0,0,4,-1.0397,3
0,-1,100.06,775.864,24,3,4,1,9,2,0,0,0,1.8738,3
0,-1,176.34,454.466,30,3,12,2,14,1,1,0,1,-1.9572,3
0,-2,154.78,402.448,28,2,10,2,11,0,1,1,0,-7.5786,3
0,-1,197.07,1267.875,43,5,8,5,19,2,0,1,0,2.1106,3
0,0,118.05,238.159,17,1,6,1,9,1,1,0,0,0.0735,3
0,0,100.9,446.584,32,2,6,2,6,0,3,2,0,3.5227,3
0,1,30.74,354.514,26,1,2,1,3,2,0,0,0,3.2375,3
0,0,0.0,236.423819,2,0,0,0,2,0,0,0,0,0.3087,3
0,1,46.31,257.1,16,2,2,2,6,1,1,0,0,0.0069,3
0,0,40.13,117.148,8,0,2,0,3,0,0,0,0,-1.5575,3
0,0,130.05,277.284,20,5,7,4,8,2,1,2,4,-0.8278,3
0,1,13.67,344.906,24,1,1,1,3,2,1,0,0,3.6873,3
0,-2,158.9,421.189,27,2,8,2,12,1,0,1,0,0.15339,3
0,0,34.14,296.41,22,0,2,0,2,0,3,0,0,4.0295,3
0,0,71.06,330.364,19,0,8,0,9,0,0,0,0,2.1218,3
0,1,37.11,388.894,27,1,2,1,6,2,0,0,0,2.5878,3
0,1,158.53,230.639,15,9,5,5,9,1,0,0,2,-2.902,3
0,-1,155.07,443.415,32,2,9,2,12,3,0,0,4,0.27952,3
0,0,117.18,349.412,24,4,5,2,8,1,2,0,0,-1.7334,3
0,1,65.99,295.403,21,3,4,2,5,1,0,0,0,1.1391,3
0,0,331.9,926.107,65,13,17,11,18,0,1,10,0,-1.2732,3
0,0,20.23,326.609,23,1,1,1,1,0,0,1,0,7.8006,3
0,0,92.68,414.41,30,1,8,1,8,2,1,1,0,2.4092,3
0,1,167.95,671.863,49,7,6,6,11,3,2,1,1,1.6753,3
0,0,168.66,789.099,32,6,8,6,14,1,1,4,0,-0.0288,3
0,0,81.98,319.336,23,2,5,1,7,2,1,0,1,-1.0926,3
0,0,9.23,164.966,8,0,1,0,5,0,0,0,0,2.0293,3
0,0,27.05,387.719,23,0,4,0,7,3,0,0,2,5.8629,3
0,0,180.97,557.607,37,3,14,2,16,1,1,0,1,0.827,3
0,0,27.69,380.871,27,0,3,0,4,3,0,0,0,5.8678,3
1,0,98.66,361.034,23,4,4,4,9,1,0,0,0,1.2661,3
0,1,13.67,282.407,21,1,1,1,2,2,1,0,0,2.4697,3
0,-1,104.76,328.385,23,1,6,1,7,0,1,0,0,1.3483,3
0,1,24.67,222.352,16,2,1,2,2,1,0,0,0,1.6664,3
0,0,36.92,382.462,24,0,4,0,6,0,0,0,0,4.0962,3
0,0,115.7,700.791,51,1,12,1,14,5,2,1,6,4.5732,3
0,1,10.92,408.513,28,1,3,1,7,2,1,0,0,3.5285,3
0,1,28.64,87.146,6,3,1,2,2,0,1,0,0,-1.847,3
0,0,20.23,384.648,28,1,1,1,1,0,3,1,0,7.619,3
0,0,186.46,390.36,28,6,12,5,13,3,1,3,6,-2.4347,3
0,1,492.03,1312.481,95,21,14,18,31,6,2,1,4,-4.2142,3
0,-1,85.52,410.465,30,2,5,2,6,3,0,2,1,3.2934,3
0,0,32.67,284.746,20,0,2,0,4,2,0,0,0,3.1538,3
0,0,34.14,312.453,23,0,2,0,2,0,2,0,0,4.4995,3
0,1,13.67,286.782,20,1,1,1,3,2,1,0,0,2.8414,3
0,1,59.56,236.339,17,4,2,3,4,1,0,0,0,-0.0767,3
0,0,115.54,339.366,22,2,8,1,10,0,3,0,0,-0.3954,3
0,2,50.84,337.895,23,4,2,3,5,2,0,1,1,1.785,3
1,0,35.53,232.279,17,0,3,0,3,0,0,0,0,2.6648,3
0,-2,207.97,505.525,35,3,12,3,15,0,0,0,0,-8.7498,3
0,1,55.3,268.377,19,3,3,2,4,1,0,1,0,0.587,3
0,1,46.53,318.437,23,1,3,1,4,1,2,1,0,2.4563,3
0,1,115.4,587.697,43,2,8,2,10,3,2,1,2,2.674,3
0,1,44.98,478.056,34,2,2,2,5,3,1,1,0,3.6709,3
0,-1,75.77,513.621,39,0,6,0,6,6,0,0,4,5.92972,3
0,0,137.41,365.411,25,5,6,3,9,1,2,0,0,-2.0278,3
1,0,106.35,581.069,40,2,8,2,11,5,0,0,2,6.1391,3
0,0,100.9,432.557,31,2,6,2,6,0,3,2,0,3.1326,3
1,0,60.69,416.646,30,3,3,3,3,0,3,3,0,5.7047,3
0,0,77.65,325.434,22,1,4,1,7,0,3,0,0,-1.8479,3
0,0,46.26,337.463,25,1,3,1,3,1,3,1,1,4.221,3
0,1,55.3,266.361,19,3,3,2,4,1,0,1,0,0.9629,3
0,-2,129.67,382.419,25,1,8,1,10,1,2,0,0,-2.1214,3
0,0,116.2,488.577,35,1,8,1,8,0,3,1,0,3.6993,3
0,1,33.54,277.432,20,2,1,2,3,1,0,0,0,2.33534,3
0,0,101.29,289.744,18,4,4,3,8,1,0,0,0,0.8788,3
0,0,72.19,178.191,13,3,2,2,4,1,0,0,0,0.424,3
0,2,454.71,1572.366,112,19,14,18,32,5,1,1,1,-1.5661,3
0,0,43.37,101.961,5,0,3,0,5,0,0,0,0,-1.0676,3
0,-1,194.05,545.579,37,3,12,2,15,2,1,0,2,-2.6339,3
0,0,109.49,338.772,22,4,4,3,8,2,0,1,0,0.9242,3
0,-2,80.26,180.206,10,0,6,2,6,0,0,0,0,-2.917,3
0,0,46.53,306.446,22,1,3,1,3,0,4,1,0,3.5431,3
0,0,39.37,30.006,2,0,1,0,2,0,0,0,0,-0.4471,3
1,0,151.14,324.341,23,5,9,3,10,2,0,0,4,-0.7976,3
0,0,96.22,500.554,35,3,6,3,9,1,1,3,0,4.4274,3
1,0,140.65,589.722,42,3,9,3,12,4,1,0,3,4.09432,3
0,1,97.53,318.393,23,6,4,5,5,2,0,1,0,1.4231,3
0,0,43.37,406.566,30,0,3,0,3,1,3,0,0,5.6728,3
0,-1,269.49,1057.044,72,6,18,6,20,1,2,5,0,5.6024,3
0,0,38.05,136.198,10,3,2,2,2,1,0,0,0,0.6924,3
0,0,81.98,359.401,26,2,5,1,7,2,2,0,1,-0.08068,3
0,0,198.38,785.891,57,5,13,5,14,4,0,2,2,6.15784,3
0,-1,109.69,218.229,15,3,5,3,6,0,0,2,0,-2.378,3
0,0,107.44,214.227,12,5,4,2,7,0,0,0,0,-3.2563,3
0,1,63.14,342.459,25,3,3,2,4,2,0,1,0,2.2152,3
0,0,54.37,344.495,25,1,3,1,3,0,3,1,0,3.9403,3
0,0,84.32,224.216,16,2,5,2,6,1,0,1,2,-0.70908,3
0,-1,52.49,46.005,3,0,3,0,3,0,0,0,0,0.2506,3
0,1,86.69,417.534,30,1,7,1,9,2,1,0,4,-0.0332,3
0,5,276.27,472.56,32,20,9,10,14,0,3,5,0,-9.8798,3
0,0,40.46,406.907,21,2,2,2,8,2,0,0,0,6.609,3
0,-1,53.02,122.103,9,0,3,0,3,1,0,0,1,-0.5549,3
0,0,100.9,476.585,34,2,6,2,7,0,3,2,0,3.6368,3
0,0,123.2,236.136,16,0,8,0,10,0,2,0,0,-1.0622,3
0,0,106.97,488.621,35,1,7,1,7,0,3,1,0,4.0935,3
0,0,107.41,236.278,14,2,6,1,9,1,0,0,2,-1.4238,3
0,1,7.68,319.881,21,1,2,1,4,2,0,0,0,3.4773,3
0,-1,81.26,243.308,16,2,4,2,6,0,2,0,0,-0.5379,3
0,0,72.55,229.235,17,3,4,2,4,2,0,0,0,2.1936,3
0,0,103.55,371.393,27,1,8,1,8,2,0,0,2,2.5822,3
0,0,202.45,835.944,60,3,14,3,15,2,3,2,0,4.5678,3
0,1,82.57,451.353,30,4,5,2,9,3,1,0,3,4.0115,3
0,1,94.4,240.279,17,5,4,3,5,1,0,0,0,0.204,3
0,-2,148.54,560.69,38,0,8,0,10,1,4,0,0,3.5544,3
0,0,89.79,205.254,14,4,4,4,5,0,0,3,0,-1.1356,3
0,1,16.61,278.419,21,2,0,1,1,2,0,0,0,3.1852,3
0,0,40.46,266.34,20,2,2,2,2,2,0,0,0,4.6046,3
0,1,69.25,199.322,14,5,1,3,4,0,1,0,0,-1.3935,3
0,-1,153.37,461.505,31,2,11,2,13,2,1,1,4,-1.5603,3
0,1,42.23,462.564,34,2,2,2,6,4,1,0,2,4.4399,3
0,0,94.83,392.467,28,3,5,3,6,0,3,3,0,1.8957,3
0,0,241.96,1030.303,73,4,16,4,17,0,3,4,0,5.7224,3
0,1,30.74,290.427,21,1,2,1,3,1,1,0,0,2.5071,3
0,0,235.44,665.733,47,8,13,6,14,0,3,5,0,-1.9318,3
0,0,282.21,943.09,66,9,19,9,19,0,8,9,0,0.0423,3
0,0,158.13,810.466,56,2,11,2,13,0,3,2,0,5.7194,3
0,0,143.72,244.207,17,5,8,4,9,1,1,3,3,-3.0115,3
0,0,95.1,247.276,16,0,6,0,8,1,0,0,2,0.53442,3
0,-1,43.37,303.209,19,0,3,0,5,1,0,0,0,2.0432,3
0,0,82.28,258.324,16,2,5,1,7,2,0,0,1,1.3424,3
0,0,76.78,329.44,24,2,4,2,4,0,4,2,0,3.46688,3
0,0,115.42,277.269,19,1,8,1,10,3,0,0,6,1.1458,3
0,0,0.0,100.014,6,0,0,0,4,0,0,0,0,1.991,3
0,0,6.48,296.552,16,0,4,0,6,0,0,0,0,3.6212,3
0,0,112.14,440.606,30,3,5,2,8,1,1,0,0,0.5896,3
0,1,77.3,240.323,17,5,3,4,4,1,0,1,0,0.8816,3
0,1,66.76,356.442,26,2,4,2,5,1,3,1,0,1.67,3
0,0,60.44,416.583,29,0,5,0,5,0,4,0,0,4.8523,3
1,0,191.26,427.417,31,7,6,6,11,3,0,0,3,0.6664,3
0,0,73.58,169.18,12,3,4,3,4,1,0,2,1,0.08022,3
0,0,93.06,436.52,31,2,6,2,7,0,4,2,0,2.4987,3
0,2,358.32,1098.363,77,18,12,13,23,5,1,1,1,-0.612,3
0,0,60.44,372.505,27,0,4,0,4,0,3,0,0,4.2667,3
1,0,219.84,473.446,34,8,9,7,14,2,0,0,2,-0.7311,3
0,1,77.3,184.215,13,5,3,4,4,1,0,1,0,-0.6756,3
0,1,63.5,304.366,22,2,4,2,5,1,3,1,0,-0.499,3
0,0,53.16,221.304,16,3,3,3,4,1,0,0,0,1.0488,3
0,1,26.3,282.448,20,0,2,0,3,0,2,0,0,3.5158,3
0,-1,74.27,162.9022547,5,0,4,0,5,0,0,0,0,-1.5479,3
0,0,99.13,532.649,38,1,7,1,8,0,4,1,0,4.4059,3
1,0,175.02,500.531,36,8,8,5,12,2,1,1,0,-0.8195,3
0,-1,98.77,413.475,29,1,6,1,8,2,2,0,0,1.1491,3
0,0,64.63,384.259,25,1,5,1,7,1,0,0,0,3.9643,3
0,1,0.0,278.419,21,0,0,0,1,2,1,0,0,4.3587,3
0,0,35.53,354.49,26,0,3,0,3,1,0,0,0,5.64556,3
0,2,89.36,316.427,21,4,5,3,8,1,0,0,0,-0.9843,3
0,1,33.54,289.443,21,2,1,2,3,1,1,0,0,2.47944,3
0,1,63.6,325.388,24,2,3,2,5,2,4,0,1,1.1019,3
0,1,13.67,308.445,23,1,1,1,2,2,2,0,0,3.0007,3
0,1,54.37,383.537,27,2,2,2,5,3,1,0,1,2.4039,3
0,0,9.23,184.491,10,0,1,0,7,0,0,0,0,2.3528,3
1,0,59.23,231.255,17,0,4,0,5,2,1,0,2,1.8489,3
0,1,66.4,336.481,23,3,2,3,6,2,1,0,1,0.6517,3
0,1,214.16,848.027,61,6,12,5,15,1,1,2,0,1.54042,3
0,0,46.61,157.169,11,0,3,0,4,0,1,0,0,0.7637,3
0,0,46.53,356.506,26,1,3,1,3,1,2,0,0,5.3503,3
0,-1,115.57,469.326,30,1,7,1,11,2,2,0,1,1.86742,3
0,-1,176.59,423.383,29,3,10,2,13,1,1,0,0,-1.8707,3
0,-1,81.7,451.587,33,1,5,1,6,2,1,0,0,3.8852,3
0,-1,86.38,152.129,11,3,4,2,4,1,0,0,0,-0.6621,3
0,-1,93.48,261.213,19,0,7,0,7,2,0,0,2,-0.4914,3
0,1,10.92,374.961,25,1,3,1,5,2,1,0,0,3.1631,3
0,0,104.64,232.28,16,4,4,2,6,0,0,0,0,1.2294,3
0,0,106.97,494.531,35,1,7,1,9,0,3,1,0,2.9853,3
0,0,68.01,137.142,10,3,3,2,4,1,0,0,1,-0.3149,3
0,1,44.9,268.336,20,3,2,3,3,2,0,0,0,1.4328,3
0,0,137.41,389.433,27,5,6,3,9,1,1,0,0,-1.3448,3
0,0,81.98,351.353,25,2,5,1,8,2,1,0,1,-0.565,3
0,-1,98.77,349.388,24,1,6,1,8,1,2,0,0,-0.6376,3
0,1,26.3,160.237,11,0,2,0,3,0,0,0,0,0.6442,3
1,0,146.89,334.332,24,5,8,3,9,0,2,0,0,-1.6512,3
0,-1,109.27,279.301,19,2,6,1,8,2,0,0,2,1.4615,3
0,1,89.66,522.662,38,3,6,3,7,1,5,2,0,2.1908,3
0,0,360.83,1109.317,79,13,19,10,20,1,2,8,0,1.7183,3
0,0,72.19,232.283,17,3,3,2,4,1,1,0,0,1.3532,3
0,0,68.96,252.101,15,2,3,2,7,1,0,0,2,0.3472,3
1,0,94.53,433.501,31,1,8,1,8,1,1,0,0,2.52402,3
0,1,26.0,211.288,16,2,1,2,2,2,0,0,0,0.4646,3
0,1,119.23,614.811,45,5,6,5,9,3,1,2,1,1.4498,3
0,-4,159.5,279.081,17,1,8,1,10,1,0,1,1,-2.9024,3
0,-3,168.2,289.22,20,1,9,1,10,0,0,0,0,-8.8271,3
0,-1,65.15,286.351,21,1,3,1,4,2,0,0,1,2.0483,3
0,-2,110.49,600.659,42,0,6,0,11,3,0,0,1,6.7211,3
0,0,33.12,145.161,11,1,2,1,2,2,0,0,1,1.9404,3
0,0,117.54,369.425,27,5,8,3,8,3,0,0,2,2.74052,3
0,1,24.67,288.455,21,2,1,2,2,1,2,1,0,2.5233,3
0,1,83.01,273.378,18,4,3,3,6,1,0,1,0,0.0633,3
0,1,4.44,316.877,21,1,1,1,3,2,0,0,0,3.7709,3
0,1,24.75,337.487,25,1,1,1,3,2,1,0,0,2.7196,3
0,1,4.44,310.486,22,1,1,1,2,2,1,0,0,3.5979,3
0,0,160.83,656.662,46,3,14,3,14,3,3,2,0,2.7529,3
0,0,142.7,540.708,36,4,8,4,12,0,1,0,0,1.4296,4
0,1,106.01,442.583,29,3,5,3,10,2,0,0,0,0.5658,4
0,1,32.13,294.415,21,1,3,1,4,1,1,0,0,1.5495,4
0,1,71.2,302.35,22,3,4,3,5,1,2,1,0,-0.6719,4
1,0,78.29,293.374,22,0,5,0,5,2,0,0,3,2.92876,4
0,0,42.21,473.407,33,1,4,1,6,3,0,0,2,7.4898,4
1,0,146.72,637.036,43,4,6,4,15,4,0,0,1,6.79142,4
0,3,397.71,688.724,48,22,12,16,23,0,1,3,0,-12.2358,4
0,0,97.62,529.526,39,2,7,2,11,5,0,0,5,6.35584,4
0,-3,103.32,122.98,7,0,5,0,6,0,0,0,0,-2.7566,4
0,0,74.29,305.341,23,0,5,0,6,3,0,0,3,2.64078,4
0,0,60.44,384.516,28,0,4,0,4,0,2,0,0,4.5753,4
0,0,117.18,341.433,23,4,5,2,8,0,3,0,0,-1.7718,4
0,1,33.68,238.738,16,2,1,1,3,1,1,0,0,1.8716,4
0,0,20.31,111.144,8,0,1,0,2,0,1,0,0,0.7523,4
0,0,92.47,327.123,21,2,4,2,8,2,0,0,0,3.8595,4
0,-1,462.85,1271.445,90,16,20,10,28,2,2,2,2,2.53124,4
0,0,85.03,501.667,37,3,4,3,5,3,1,2,0,2.7587,4
0,0,52.6,384.516,28,0,4,0,4,0,3,0,0,4.4259,4
0,1,27.64,152.261,11,3,0,1,1,0,4,0,0,1.1971,4
1,0,210.54,454.447,33,7,10,5,13,3,0,0,4,0.2684,4
0,0,107.26,430.379,29,2,5,2,11,2,0,1,0,2.87958,4
1,0,54.69,405.424,29,1,6,1,9,3,1,0,3,4.0486,4
0,0,117.0,418.446,30,1,8,1,9,1,0,0,0,2.9708,4
0,2,84.38,265.401,19,7,1,3,4,1,0,0,0,-0.2435,4
0,0,399.78,1626.239,67,16,18,16,30,2,0,12,0,-3.8943,4
0,0,359.98,1255.438,90,6,18,5,28,1,4,0,1,0.72564,4
0,1,71.2,342.415,25,3,4,3,5,1,3,1,0,0.1083,4
0,0,92.5,365.842,24,3,4,2,8,2,0,0,0,2.71412,4
0,-1,69.23,640.017,22,1,3,1,7,1,0,0,0,3.5576,4
1,0,171.17,824.972,60,3,12,3,14,3,3,2,1,3.5175,4
0,1,20.23,318.525,23,1,1,1,2,1,1,1,0,4.7211,4
0,0,81.7,495.745,35,1,5,1,6,0,1,0,0,6.8819,4
0,1,95.76,332.376,24,5,5,4,6,2,0,1,0,1.0545,4
0,2,52.6,572.875,41,0,4,0,6,0,6,0,0,6.1105,4
0,-1,70.34,307.325,23,0,4,0,4,3,0,0,0,2.9776,4
0,1,123.38,384.525,23,4,6,2,11,1,0,0,0,-0.9393,4
0,1,23.47,317.497,23,1,2,1,3,1,2,1,0,2.8465,4
0,1,39.33,382.915,27,1,3,1,5,3,1,0,2,2.8804,4
0,0,61.69,321.163,21,2,3,2,6,2,0,1,0,3.1013,4
0,-2,162.25,309.621,21,2,7,2,10,1,0,0,0,-2.41152,4
0,0,93.01,393.846,27,3,5,1,8,2,2,0,1,1.0932,4
0,1,60.2,316.377,23,2,4,2,5,1,2,1,0,-0.3689,4
0,-1,62.13,254.265,19,0,4,0,4,2,0,0,1,0.9563,4
0,0,100.9,404.503,29,2,6,2,6,0,3,2,0,2.3524,4
0,0,40.46,412.658,30,2,2,2,2,0,3,2,0,6.6118,4
0,1,133.78,175.212,12,8,2,4,6,0,0,0,0,-5.519,4
0,2,52.6,290.404,20,0,4,0,6,0,0,0,0,0.2654,4
0,1,77.3,306.769,21,5,3,4,5,2,0,0,0,1.7082,4
0,0,91.92,489.931,33,2,4,2,10,4,0,0,2,5.5442,4
0,-2,195.24,448.473,31,4,12,4,13,0,1,3,0,-9.2453,4
0,1,119.41,592.761,43,4,5,4,10,2,4,1,1,1.4936,4
1,0,39.19,391.555,29,0,3,0,3,1,2,0,1,5.9694,4
0,1,109.53,664.414,44,4,7,4,10,0,2,2,0,5.0046,4
0,0,99.6,331.353,23,2,5,2,8,2,0,1,1,1.581,4
0,1,33.98,251.35,18,1,2,1,4,1,0,0,0,1.3426,4
0,1,63.74,345.463,25,2,4,2,5,1,1,1,0,0.8123,4
0,0,168.66,791.115,32,6,8,6,14,1,0,4,0,-0.4065,4
0,-3,212.77,390.325,27,2,11,2,13,0,0,0,0,-12.1923,4
0,1,92.96,389.823,27,1,6,1,10,2,1,0,3,0.1509,4
0,0,548.99,1882.332,136,21,17,21,37,8,0,1,4,4.3723,4
0,0,82.2,414.498,30,0,6,0,6,0,5,0,0,3.1245,4
0,0,28.68,82.106,6,1,1,1,2,1,0,0,2,0.71812,4
0,-2,210.57,540.561,35,2,14,2,17,2,1,1,4,-2.5946,4
0,1,50.94,270.36,20,2,3,2,5,3,0,0,4,0.4947,4
0,1,95.4,345.419,25,5,4,4,6,2,0,1,0,1.1971,4
0,-1,100.04,249.275,17,2,5,1,7,2,0,0,2,1.4529,4
0,0,97.74,402.487,29,1,6,1,6,0,3,1,0,2.5606,4
0,0,93.06,430.541,31,2,6,2,6,0,4,2,0,2.7168,4
0,0,86.18,254.289,19,4,3,2,4,2,0,0,0,1.5276,4
0,0,71.77,129.094,9,3,3,2,5,1,0,0,2,-0.5088,4
0,1,78.43,399.49,29,4,2,4,7,2,0,0,1,1.91784,4
0,-1,49.36,249.33,18,0,3,0,3,1,0,0,0,2.23854,4
0,0,78.09,498.586,38,2,3,2,6,5,0,0,2,6.50732,4
0,1,29.5,311.836,22,2,1,1,3,2,1,0,1,2.9927,4
0,-1,213.35,542.517,39,6,11,4,12,2,1,3,0,-1.9795,4
0,0,58.12,266.304,20,1,4,1,5,2,1,0,2,2.65122,4
0,1,38.39,326.468,24,1,4,1,5,2,1,0,3,0.87042,4
0,1,70.84,385.594,26,3,3,3,6,1,0,1,0,2.7469,4
0,0,71.11,337.351,24,1,5,1,8,1,2,0,0,1.1236,4
0,1,66.4,296.416,20,3,2,3,6,2,0,0,1,-0.0959,4
0,1,54.53,453.606,34,1,3,1,4,3,1,0,0,4.06618,4
0,1,9.49,372.536,28,0,2,0,3,2,0,0,0,4.4596,4
0,1,49.73,379.324,26,3,2,2,9,2,1,1,1,3.4217,4
0,0,72.24,276.214,19,1,3,1,8,1,0,0,0,3.2081,4
0,0,55.13,270.21,19,1,3,1,7,2,0,0,1,3.25412,4
0,0,104.64,238.243,17,4,4,2,6,1,0,0,0,0.9608,4
0,0,84.84,131.131,9,3,3,1,4,0,0,0,0,-2.6725,4
0,1,46.07,292.443,21,3,2,2,3,1,1,1,0,2.4458,4
0,0,58.89,369.505,27,1,4,1,4,0,3,0,0,4.7145,4
0,0,20.23,124.23,6,1,3,3,3,0,0,1,0,0.2069,4
0,0,100.9,458.595,33,2,6,2,6,0,3,2,0,3.5447,4
0,1,63.5,304.366,22,2,4,2,5,1,3,1,0,-0.499,4
0,0,17.07,78.136,4,0,1,0,2,0,0,0,0,-0.0053,4
0,1,24.67,312.477,23,2,1,2,2,1,2,1,0,2.5453,4
0,0,117.59,383.47,26,3,6,2,9,0,2,1,0,-2.6689,4
0,0,80.67,418.505,30,1,5,1,6,0,3,1,0,3.4941,4
0,0,76.38,303.337,22,4,4,3,6,2,0,0,0,3.5884,4
0,0,40.46,272.388,20,2,2,2,2,1,2,1,0,3.6092,4
0,0,56.73,240.31,18,2,4,1,4,3,0,0,3,2.8227,4
0,-1,40.13,347.478,26,0,2,0,2,2,0,0,0,4.76902,4
0,0,129.62,253.269,19,6,7,3,7,3,0,0,4,0.8334,4
0,0,20.23,156.269,11,1,1,1,1,0,1,1,0,2.4395,4
0,-2,179.37,466.354,34,1,11,1,11,4,0,1,0,-0.5549,4
0,-1,94.58,232.237,15,0,5,0,7,0,2,0,0,-2.1297,4
0,2,57.04,558.848,40,1,4,1,6,0,6,0,0,4.5488,4
0,0,144.82,405.495,29,5,5,2,8,1,1,0,0,-3.1772,4
0,-1,94.35,328.222,23,0,5,0,9,1,1,0,0,2.69289,4
0,0,205.16,332.313,23,9,7,7,11,0,0,3,0,-7.0396,4
0,0,89.41,100.457,5,1,4,1,5,0,0,0,0,-4.124,4
0,0,54.37,370.533,27,1,3,1,3,0,3,1,0,4.4965,4
0,1,24.67,310.461,23,2,1,2,2,2,1,1,0,2.7715,4
0,-1,166.16,470.538,30,1,13,1,15,1,1,0,4,-2.06302,4
0,0,91.01,241.243,17,3,5,2,6,1,0,1,0,0.5302,4
0,1,26.0,161.228,12,2,1,2,2,1,0,0,0,-0.6886,4
0,-2,113.21,433.512,32,0,6,0,8,3,0,0,4,2.4561,4
0,0,117.18,349.412,24,4,5,2,8,0,1,0,0,-1.7029,4
0,1,36.47,137.162,10,1,2,1,3,1,0,0,1,0.3192,4
1,0,65.72,130.078,9,2,2,2,5,1,0,0,2,-0.7977,4
0,0,20.31,203.285,15,0,1,0,2,1,0,0,0,2.92402,4
0,-2,63.19,60.008,4,0,3,0,3,0,0,0,0,-2.447,4
0,0,48.65,170.237,11,2,2,2,4,1,0,0,2,1.38499,4
0,1,26.0,201.293,15,2,1,2,2,1,0,0,0,0.1888,4
1,0,83.55,258.233,19,1,4,1,6,1,1,0,0,0.0878,4
0,1,40.16,95.125,7,3,1,1,2,1,0,0,1,0.0829,4
0,2,138.67,334.369,23,7,7,5,9,0,3,3,0,-4.978,4
0,1,24.67,326.504,24,2,1,2,2,2,0,0,0,3.92432,4
0,1,155.64,628.754,46,4,9,3,12,4,0,0,3,3.6832,4
0,0,110.43,456.572,32,3,6,3,10,3,1,0,2,2.7171,4
0,1,27.64,180.315,13,3,0,1,1,0,4,0,0,1.8332,4
0,2,58.2,537.576,36,2,2,2,8,2,0,0,0,4.6392,4
0,0,74.6,376.468,27,2,4,2,5,0,3,2,0,2.9233,4
0,-1,141.03,473.542,34,2,8,2,8,0,3,2,0,0.8846,4
0,-2,225.5,471.43,34,6,11,5,14,2,0,0,2,-3.4005,4
0,-2,132.47,369.329,27,0,8,0,8,3,0,0,1,-0.1927,4
0,1,84.47,214.289,15,5,2,3,5,0,2,0,0,-1.5838,4
0,-1,113.04,562.664,39,0,7,0,9,1,2,0,0,4.7866,4
0,0,65.49,361.397,27,0,5,0,5,3,0,0,1,4.1124,4
0,1,16.61,358.427,26,2,0,1,4,3,0,0,0,5.1158,4
0,4,384.89,672.749,47,23,10,15,22,0,1,1,0,-12.3046,4
0,0,29.46,310.437,23,1,2,1,2,1,2,1,0,3.9156,4
0,0,91.21,375.4,27,2,6,1,8,2,2,0,1,-0.3805,4
0,0,138.44,522.578,36,4,11,4,13,3,2,3,5,2.0137,4
0,1,59.06,392.522,26,1,6,1,7,2,3,1,0,2.3457,4
0,0,43.37,252.269,19,0,3,0,3,2,0,0,0,2.858,4
0,-1,86.04,315.374,22,0,6,0,6,2,0,0,1,2.3885,4
0,0,55.98,122.127,9,2,2,1,3,1,0,0,1,0.1805,4
0,-1,60.36,249.192,18,1,3,1,5,2,0,0,0,1.7009,4
0,1,25.84,256.369,19,2,1,1,2,2,0,0,0,2.69842,4
0,0,161.56,376.369,27,5,9,5,10,1,0,4,4,-1.72356,4
0,-2,225.5,471.43,34,6,11,5,14,2,0,0,2,-3.4005,4
0,0,91.67,372.461,27,2,5,2,5,0,3,2,0,2.0118,4
0,1,56.32,112.156,8,4,1,2,3,1,0,0,2,-0.8059,4
0,-2,129.67,376.39,26,1,7,1,9,1,2,0,0,-2.1829,4
0,0,124.44,384.245,28,4,6,4,9,2,0,0,2,0.3606,4
0,1,110.91,325.457,19,4,5,2,9,1,0,0,0,-0.4142,4
0,1,517.45,1633.297,117,20,17,17,35,6,2,1,1,0.4885,4
0,0,324.06,924.091,65,13,17,11,18,0,2,10,0,-1.3398,4
0,-1,217.79,553.584,36,4,15,3,18,2,1,0,4,-2.946,4
0,1,21.51,310.442,22,1,2,1,3,2,1,0,0,2.5973,4
0,0,120.66,299.352,20,4,5,3,8,0,1,1,0,-3.6398,4
0,0,103.35,424.497,31,2,5,1,7,2,0,0,0,0.2122,4
1,0,50.7,346.821,25,1,4,1,5,4,0,0,3,5.0126,4
0,-1,109.25,297.29,22,2,6,1,6,3,0,0,1,1.4103,4
0,1,24.67,286.439,21,2,1,2,2,1,1,0,0,2.4655,4
1,0,0.0,78.96,1,0,0,0,1,0,0,0,0,-0.3808,4
0,1,4.44,157.064,8,1,0,1,3,0,0,0,0,-0.0213,4
0,0,150.28,362.39,26,5,5,4,10,1,2,0,2,-1.8081,4
1,0,86.28,493.615,37,2,7,2,8,4,1,0,3,4.59032,4
0,1,7.68,267.396,20,1,1,1,2,2,1,0,0,1.6063,4
0,0,65.72,130.078,9,2,2,2,5,1,0,0,2,-0.7977,4
0,0,9.23,184.491,10,0,1,0,7,0,0,0,0,2.3528,4
0,0,43.37,340.463,25,0,3,0,3,0,3,0,0,4.0633,4
0,0,103.35,376.453,27,2,5,1,7,1,1,0,0,-0.7563,4
0,0,120.0,628.814,46,4,5,4,9,3,1,1,0,4.32814,4
0,1,33.9,278.416,20,2,2,2,3,1,1,1,0,1.6185,4
0,-1,150.98,460.492,32,3,7,3,12,1,3,0,0,-1.2405,4
0,1,46.53,348.507,25,1,3,1,4,1,1,1,0,3.4841,4
0,1,20.23,166.244,12,1,1,1,2,1,0,0,0,1.979,4
0,1,195.11,734.945,51,6,13,6,14,0,3,5,0,0.3685,4
0,0,9.23,200.053,12,0,1,0,8,0,0,0,0,2.4232,4
0,1,437.15,1070.246,74,19,14,14,28,2,2,0,0,-5.9517,4
0,-2,191.31,440.408,32,5,8,4,10,1,0,2,0,-4.8824,4
0,0,0.0,134.452,3,0,0,0,3,0,0,0,0,1.3765,4
0,1,69.94,447.918,31,2,6,2,9,3,1,0,2,2.8585,4
0,0,0.0,125.844,3,0,0,0,3,0,0,0,0,1.3765,4
0,-1,89.9,198.154,14,1,5,1,6,0,2,1,0,-2.4303,4
0,1,24.75,341.5,24,1,3,1,4,2,0,0,0,3.415,4
0,5,498.76,1160.495,81,28,13,18,29,0,1,2,0,-9.4155,4
0,0,43.07,294.745,21,0,4,0,5,3,0,0,3,3.2717,4
0,1,66.01,280.1031246,12,5,0,3,4,1,0,0,0,-0.8548,4
0,1,103.49,442.543,33,4,4,3,7,4,1,0,1,2.61248,4
0,0,189.53,342.297,23,8,11,8,11,0,2,8,0,-5.3956,4
0,-1,60.36,89.07,6,1,3,1,3,0,0,1,0,-1.8829,4
0,-1,113.8,293.299,21,2,5,2,7,1,0,0,0,-3.37336,4
0,1,95.43,255.294,18,5,4,3,6,1,0,1,0,-0.9047,4
0,1,50.97,292.399,21,2,3,2,4,1,1,1,0,0.763,4
0,1,7.68,297.447,21,1,2,1,3,2,1,0,0,2.8239,4
0,-1,92.08,313.362,22,2,5,1,7,3,0,0,2,2.8486,4
0,-1,75.02,231.231,17,0,5,0,5,2,0,0,2,0.08832,4
0,1,47.81,374.457,26,1,4,1,6,2,1,0,0,2.4739,4
0,0,93.9,424.541,31,3,4,3,6,2,1,0,0,0.2996,4
0,1,35.53,340.443,25,0,3,0,4,2,0,0,0,3.9538,4
0,1,41.74,376.879,26,2,2,2,5,2,1,1,0,3.0085,4
0,0,57.53,78.099,4,2,1,2,4,0,0,0,0,-1.6136,4
0,-1,125.29,299.288,20,0,8,0,10,1,2,0,3,-2.8579,4
0,0,47.56,221.256,16,1,3,1,4,1,1,0,0,1.79064,4
0,-1,71.36,356.785,25,0,5,0,6,3,0,0,1,2.59262,4
0,1,95.4,345.419,25,5,4,4,6,2,0,1,0,1.1971,4
0,1,429.56,1417.097,101,16,15,13,29,5,1,1,1,0.1418,4
0,1,27.64,150.245,11,3,0,1,1,1,0,0,0,1.2496,4
0,0,9.23,168.036,10,0,1,0,7,0,0,0,0,2.0835,4
0,1,177.44,338.464,20,9,5,5,12,1,0,0,1,-2.6874,4
0,1,75.17,293.387,21,4,3,3,5,1,0,1,0,0.6729,4
0,2,149.71,336.348,24,7,6,4,9,0,2,0,0,-3.7851,4
1,0,71.53,357.435,25,1,6,1,7,2,1,0,1,2.4909,4
0,0,75.27,238.287,17,2,3,2,5,0,1,0,0,1.3511,4
0,-4,146.61,201.995,11,1,7,1,9,0,0,1,0,-3.5202,4
0,1,33.54,275.416,20,2,1,2,3,1,1,0,0,2.08934,4
0,0,92.35,464.831,32,3,4,3,11,3,0,0,1,5.5497,4
0,-1,115.57,434.881,29,1,7,1,10,2,2,0,1,1.21402,4
0,0,58.2,528.537,37,2,2,2,10,1,3,0,0,6.5761,4
0,0,99.6,351.409,23,2,6,2,9,2,0,1,1,1.95092,4
0,1,32.07,313.45,22,2,4,2,5,2,1,0,0,0.32932,4
0,0,0.0,338.038,20,0,0,0,14,0,0,0,0,4.6522,4
1,0,146.13,473.507,33,3,8,3,11,2,1,0,1,2.2027,4
0,1,43.88,646.327,31,1,3,1,6,3,0,0,0,5.5191,4
0,-1,69.23,316.421,23,1,3,1,4,1,1,0,0,1.9262,4
1,0,95.5,318.354,22,3,4,3,7,2,0,0,0,2.006,4
0,1,16.61,168.304,12,2,0,1,1,0,2,0,0,1.3944,4
0,1,65.97,103.101,7,4,2,2,4,0,1,0,0,-2.3417,4
0,0,69.54,211.224,16,1,3,1,4,2,0,0,2,1.617,4
0,0,111.83,389.456,28,3,8,2,9,2,1,0,2,1.3507,4
0,0,188.45,777.088,31,8,8,8,14,1,0,5,0,-1.0143,4
1,0,119.41,577.722,42,3,6,3,9,2,3,1,0,4.58,4
0,0,119.31,285.691,19,4,8,3,9,2,1,2,4,-0.2974,4
1,0,32.7,263.381,19,1,3,1,3,1,1,1,0,2.6346,4
0,0,26.3,72.063,5,0,2,0,2,0,1,0,0,-0.0667,4
0,1,101.63,496.55,35,5,5,3,10,2,0,1,0,2.0449,4
0,0,104.64,218.253,15,4,4,2,6,0,0,0,0,0.9834,4
0,0,73.8,238.197,17,2,4,1,7,2,0,0,3,0.7035,4
0,0,103.04,387.44,28,2,8,1,9,2,2,0,2,1.0568,4
0,-3,559.89,1349.402,94,16,22,14,36,4,1,1,1,-7.5273,4
0,0,143.72,244.207,17,5,9,4,9,1,1,3,3,-3.168,4
0,0,112.27,451.483,33,2,9,1,10,3,1,0,2,1.7178,4
0,1,68.04,518.784,36,2,5,2,6,0,5,1,0,3.8342,4
0,0,33.12,305.502,13,1,2,1,4,2,0,0,1,3.1984,4
0,0,57.36,152.182,10,2,3,2,5,2,0,0,4,1.01549,4
0,-2,183.38,583.6,39,3,10,2,14,2,1,0,0,1.2558,4
0,-2,138.46,1137.748,34,2,6,2,14,2,0,0,0,4.1788,4
0,0,81.78,245.662,16,3,4,2,6,1,0,1,0,1.175,4
0,0,43.37,428.657,31,0,3,0,3,0,3,0,0,7.1807,4
0,1,497.5,1270.441,91,21,15,18,32,4,2,1,3,-5.0251,4
0,2,89.11,333.483,21,4,6,3,9,1,0,0,1,-1.1208,4
0,0,151.92,265.222,18,5,8,5,10,0,1,4,0,-2.8909,4
0,1,33.42,181.215,13,0,2,0,4,1,0,0,1,0.5715,4
0,0,12.53,92.525,5,0,1,0,2,0,1,0,0,0.624,4
0,0,777.98,1701.206,122,25,46,25,46,10,1,0,0,4.8381,4
0,-1,100.04,263.302,18,2,5,1,7,2,0,0,2,1.76132,4
1,0,245.77,923.051,65,5,14,5,19,3,3,2,1,2.8647,4
1,0,64.6,531.316,30,3,4,3,9,2,2,1,0,3.7811,4
0,-1,40.13,205.277,15,0,2,0,2,1,0,0,0,1.7385,4
0,0,107.22,178.14,12,4,6,4,6,0,1,4,0,-3.0132,4
0,0,101.88,286.339,21,4,7,3,7,2,1,1,4,1.0923,4
0,0,52.6,360.837,25,0,4,0,5,2,0,0,0,4.68,4
0,-1,121.55,363.415,25,3,6,2,8,2,0,0,0,1.7018,4
0,-1,215.59,611.642,42,4,14,4,17,3,1,0,5,-1.00798,4
0,0,68.36,424.544,32,1,3,1,4,3,1,0,0,2.25298,4
0,2,182.48,751.012,52,7,12,7,14,0,3,5,0,-0.9335,4
0,-5,299.02,633.42,42,3,17,3,20,2,0,0,2,-6.41786,4
0,-1,158.92,453.511,29,1,13,1,15,2,1,0,6,-1.97078,4
0,1,77.3,226.296,16,5,3,4,4,1,0,1,0,0.4931,4
0,0,46.33,236.274,18,2,1,1,3,2,0,0,0,3.3872,4
0,-1,40.13,121.115,9,0,2,0,2,1,0,0,0,0.0501,4
0,-2,80.26,116.072,8,0,4,0,4,0,0,0,0,-2.7336,4
0,1,74.35,246.338,18,3,2,2,5,1,0,0,1,1.77388,4
0,0,127.49,389.387,28,3,8,1,10,2,2,0,2,-1.0855,4
0,2,16.61,200.37,14,2,0,1,2,0,0,0,0,1.0024,4
0,1,42.91,234.319,17,2,2,1,3,1,1,0,0,1.0591,4
0,1,33.54,289.443,21,2,1,2,3,1,1,0,0,2.47944,4
0,0,35.53,472.754,34,0,3,0,3,1,0,0,0,9.05996,4
0,0,123.49,228.208,16,4,8,3,8,1,1,2,3,-2.1388,4
0,-1,86.93,440.541,31,1,6,1,7,2,1,0,0,5.15836,4
0,0,76.72,349.316,25,1,6,1,9,3,0,1,5,2.1769,4
0,0,90.37,229.261,15,3,7,2,7,1,1,1,2,-0.5941,4
0,0,88.89,252.347,17,3,4,3,7,1,0,0,2,0.5974,4
1,0,110.11,415.421,30,2,7,2,9,2,1,1,1,1.8438,4
0,-1,132.22,444.537,31,2,6,2,10,2,1,0,2,2.86222,4
0,0,110.86,146.146,10,5,3,2,5,0,0,0,0,-3.3877,4
0,0,32.67,352.743,24,0,2,0,7,2,0,0,0,4.0863,4
0,5,213.75,482.643,33,16,7,8,12,0,3,3,0,-7.5303,4
0,0,0.0,253.808,2,0,0,0,2,0,0,0,0,1.7714,4
